Time,Flow A Bandwidth(Mbits/sec),Flow A Transfer(MBytes),Flow B Bandwidth(Mbits/sec),Flow B Transfer(MBytes),Flow C Bandwidth(Mbits/sec),Flow C Transfer(MBytes),Flow D Bandwidth(Mbits/sec),Flow D Transfer(MBytes)
0.0,39.2,23.37,0.0,0.0,0.0,0.0,0.0,0.0
5.0,39.64,23.63,0.0,0.0,0.0,0.0,0.0,0.0
10.0,40.41,24.09,0.0,0.0,0.0,0.0,0.0,0.0
15.0,40.83,24.34,0.0,0.0,0.0,0.0,0.0,0.0
20.0,42.19,25.14,0.0,0.0,0.0,0.0,0.0,0.0
25.0,41.29,24.61,13.34,7.95,0.0,0.0,0.0,0.0
30.0,40.24,23.99,13.04,7.77,0.0,0.0,0.0,0.0
35.0,37.88,22.58,12.75,7.6,0.0,0.0,0.0,0.0
40.0,33.41,19.92,13.17,7.85,0.0,0.0,0.0,0.0
45.0,33.64,20.06,13.03,7.77,0.0,0.0,0.0,0.0
50.0,34.75,20.72,13.63,8.13,0.0,0.0,0.0,0.0
55.0,34.62,20.63,16.97,10.11,0.0,0.0,0.0,0.0
60.0,34.15,20.35,14.89,8.87,0.0,0.0,0.0,0.0
65.0,34.73,20.7,15.99,9.54,0.0,0.0,0.0,0.0
70.0,34.45,20.53,19.01,11.32,0.0,0.0,0.0,0.0
75.0,18.62,11.09,20.71,12.33,0.0,0.0,0.0,0.0
80.0,19.25,11.48,23.17,13.81,0.0,0.0,0.0,0.0
85.0,19.32,11.51,22.38,13.34,0.0,0.0,0.0,0.0
90.0,18.17,10.83,22.95,13.68,0.0,0.0,0.0,0.0
95.0,18.77,11.19,22.18,13.22,0.0,0.0,0.0,0.0
100.0,20.86,12.42,22.53,13.43,39.27,23.39,0.0,0.0
105.0,13.76,8.1938,22.73,13.56,39.68,23.64,0.0,0.0
110.0,13.69,8.1544,22.18,13.22,40.38,24.08,0.0,0.0
115.0,15.761,9.3955,23.51,14.01,40.87,24.35,0.0,0.0
120.0,13.793,8.2289,22.54,13.44,42.17,25.13,0.0,0.0
125.0,13.234,7.8899,22.46,13.39,41.29,24.61,0.0,0.0
130.0,12.453,7.4311,21.76,12.98,40.25,23.99,27.09,16.15
135.0,11.868,7.0654,22.81,13.62,37.88,22.58,22.9718,13.697
140.0,12.455,7.4349,22.56,13.44,33.42,19.92,18.1818,10.827
145.0,14.39,8.58,22.45,13.38,33.65,20.06,17.1794,10.2294
150.0,12.28,7.33,23.41,13.96,34.76,20.71,19.56,11.65
155.0,11.66,6.9481,22.41,13.36,34.61,20.64,20.49,12.21
160.0,13.13,7.81,22.99,13.7,34.15,20.36,21.66,12.91
165.0,11.7,6.9788,23.59,14.06,34.75,20.71,22.3,13.29
170.0,16.64,9.92,23.63,14.08,34.45,20.53,22.62,13.48
175.0,18.26,10.89,22.62,13.48,31.56,18.82,23.31,13.9
180.0,17.7,10.56,23.34,13.91,32.25,19.22,23.78,14.18
185.0,16.99,10.1261,22.59,13.46,32.04,19.09,23.59,14.06
190.0,16.8,10.02,23.13,13.79,31.33,18.66,26.16,15.6
195.0,17.64,10.518,22.18,13.21,31.78,18.95,26.88,16.03
200.0,16.713,9.9574,21.95,13.08,34.13,20.33,25.79,15.36
205.0,16.73,9.96,23.21,13.84,30.72,18.31,26.18,15.62
210.0,15.09,9.0078,23.14,13.79,27.73,16.53,26.63,15.86
215.0,15.5259,9.2554,23.82,14.19,25.55,15.23,25.74,15.34
220.0,15.6259,9.3193,23.09,13.78,25.09,14.96,26.29,15.67
225.0,14.07,8.3923,22.4,13.36,25.31,15.08,26.02,15.52
230.0,11.11,6.6225,22.61,13.48,26.74,15.93,24.65,14.68
235.0,12.33,7.35,22.47,13.38,24.81,14.78,24.94,14.87
240.0,10.99,6.5486,22.97,13.7,24.82,14.79,25.78,15.36
245.0,17.48,10.4179,23.1,13.77,25.83,15.39,24.22,14.46
250.0,17.04,10.1614,31.47,18.74,25.19,15.02,23.57,14.05
255.0,12.41,7.38,29.67,17.69,25.22,15.03,23.66,14.09
260.0,10.766,6.42,30.85,18.39,25.9,15.45,24.0,14.32
265.0,11.86,7.0719,30.82,18.37,25.6,15.25,25.53,15.21
270.0,12.44,7.42,30.63,18.25,28.93,17.25,25.92,15.44
275.0,11.56,6.8914,30.35,18.09,30.23,18.02,24.18,14.42
280.0,12.92,7.7,30.59,18.23,28.71,17.12,23.09,13.76
285.0,12.96,7.72,30.17,17.98,29.15,17.36,24.08,14.35
290.0,10.956,6.5263,30.13,17.96,29.15,17.36,24.21,14.44
295.0,11.43,6.8078,29.85,17.8,28.37,16.9,22.95,13.68
300.0,0.0,0.0,29.87,17.81,29.32,17.46,24.06,14.34
305.0,0.0,0.0,30.33,18.08,28.78,17.16,23.98,14.28
310.0,0.0,0.0,30.07,17.93,27.39,16.33,23.06,13.74
315.0,0.0,0.0,29.88,17.81,28.13,16.76,23.71,14.12
320.0,0.0,0.0,4.35,2.59,28.5,16.99,31.05,18.5
325.0,0.0,0.0,0.0,0.0,26.87,16.02,29.52,17.6
330.0,0.0,0.0,0.0,0.0,25.42,15.17,30.53,18.2
335.0,0.0,0.0,0.0,0.0,25.06,14.93,30.19,18.0
340.0,0.0,0.0,0.0,0.0,25.71,15.32,29.98,17.87
345.0,0.0,0.0,0.0,0.0,27.87,16.62,29.83,17.78
350.0,0.0,0.0,0.0,0.0,28.75,17.13,29.96,17.86
355.0,0.0,0.0,0.0,0.0,26.32,15.7,29.45,17.56
360.0,0.0,0.0,0.0,0.0,25.07,14.94,29.54,17.61
365.0,0.0,0.0,0.0,0.0,26.3,15.67,29.24,17.42
370.0,0.0,0.0,0.0,0.0,26.78,15.96,29.42,17.54
375.0,0.0,0.0,0.0,0.0,24.66,14.7,29.87,17.81
380.0,0.0,0.0,0.0,0.0,26.48,15.79,29.42,17.54
385.0,0.0,0.0,0.0,0.0,26.32,15.7,29.2,17.41
390.0,0.0,0.0,0.0,0.0,25.08,14.95,28.89,17.22
395.0,0.0,0.0,0.0,0.0,25.56,15.24,30.65,18.27
400.0,0.0,0.0,0.0,0.0,0.0,0.0,27.7,16.51
405.0,0.0,0.0,0.0,0.0,0.0,0.0,28.56,17.03
410.0,0.0,0.0,0.0,0.0,0.0,0.0,30.19,18.0
415.0,0.0,0.0,0.0,0.0,0.0,0.0,30.25,18.03
420.0,0.0,0.0,0.0,0.0,0.0,0.0,30.3,18.06
425.0,0.0,0.0,0.0,0.0,0.0,0.0,6.42,3.83
