timestamp,s1-eth1,s1-eth3,s3-eth2,s13-eth2,s7-eth1,s7-eth2,s5-eth1,s6-eth2,s6-eth3,s6-eth4,s6-eth5,s8-eth4,s8-eth5,s8-eth6,s9-eth3,s11-eth4,s2-eth3,s4-eth5,s4-eth6,s4-eth7,s11-eth5,s12-eth3
2025-07-21 16:04:14,0.0000,0.0000,0.0000,0.0000,0.0000,0.0000,0.0000,0.0000,0.0000,0.0000,0.0000,0.0000,0.0000,0.0000,0.0000,0.0000,0.0000,0.0000,0.0000,0.0000,0.0000,0.0000
2025-07-21 16:04:15,0.0004,0.0010,0.0004,0.0006,0.0004,0.0004,0.0004,0.0004,0.0004,0.0007,0.0011,0.0004,0.0004,0.0016,0.0004,0.0004,0.0004,0.0000,0.0000,0.0010,0.0007,0.0007
2025-07-21 16:04:16,0.0004,0.0004,0.0000,0.0004,0.0004,0.0004,0.0004,0.0004,0.0004,0.0028,0.0007,0.0000,0.0010,0.0007,0.0004,0.0004,0.0004,0.0004,0.0004,0.0004,0.0011,0.0011
2025-07-21 16:04:17,0.0004,0.0004,0.0004,0.0004,0.0000,0.0004,0.0004,0.0004,0.0004,0.0004,0.0011,0.0004,0.0004,0.0021,0.0004,0.0004,0.0004,0.0004,0.0004,0.0004,0.0007,0.0007
2025-07-21 16:04:18,0.0000,0.0004,0.0004,0.0004,0.0004,0.0004,0.0004,0.0004,0.0004,0.0004,0.0011,0.0004,0.0004,0.0004,0.0004,0.0004,0.0004,0.0004,0.0004,0.0004,0.0026,0.0028
2025-07-21 16:04:19,0.0004,0.0000,0.0004,0.0009,0.0004,0.0004,0.0000,0.0004,0.0004,0.0004,0.0011,0.0004,0.0004,0.0004,0.0010,0.0004,0.0000,0.0000,0.0000,0.0004,0.0004,0.0007
2025-07-21 16:04:19,0.0000,0.0000,0.0000,0.0000,0.0000,0.0000,0.0000,0.0000,0.0000,0.0000,0.0000,0.0000,0.0000,0.0000,0.0000,0.0000,0.0000,0.0000,0.0000,0.0000,0.0000,0.0000,h1-h6
2025-07-21 16:04:20,8.1894,0.0004,0.0004,0.0004,0.0004,0.0004,0.0004,0.0004,0.0000,0.0000,0.0000,0.0004,0.0000,0.0004,0.0004,0.0004,8.1894,0.0004,0.0004,8.1890,0.0004,0.0004
2025-07-21 16:04:21,8.2741,0.0004,0.0000,0.0004,0.0004,0.0000,0.0004,0.0004,0.0004,0.0004,0.0004,0.0004,0.0013,0.0004,0.0004,0.0004,8.2741,0.0004,0.0004,8.2741,0.0004,0.0004
2025-07-21 16:04:22,8.2737,0.0004,0.0004,0.0004,0.0004,0.0004,0.0004,0.0000,0.0004,0.0004,0.0004,0.0004,0.0004,0.0004,0.0013,0.0004,8.2741,0.0004,0.0004,8.2741,0.0004,0.0004
2025-07-21 16:04:23,8.2499,0.0000,0.0004,0.0004,0.0004,0.0004,0.0004,0.0004,0.0004,0.0004,0.0004,0.0010,0.0004,0.0004,0.0004,0.0004,8.2495,0.0004,0.0004,8.2499,0.0004,0.0004
2025-07-21 16:04:24,8.2620,0.0004,0.0004,0.0000,0.0004,0.0004,0.0004,0.0004,0.0018,0.0004,0.0004,0.0004,0.0004,0.0000,0.0004,0.0013,8.2620,0.0000,0.0000,8.2616,0.0004,0.0004
2025-07-21 16:04:24,0.0484,0.0000,0.0000,0.0000,0.0000,0.0000,0.0000,0.0000,0.0000,0.0000,0.0000,0.0000,0.0000,0.0000,0.0000,0.0000,0.0484,0.0000,0.0000,0.0484,0.0000,0.0000,h9-h10
2025-07-21 16:04:25,8.2620,0.0004,0.0000,0.0004,0.0000,9.2176,0.0004,0.0004,0.0004,0.0004,0.0004,0.0000,0.0004,9.2418,0.0004,0.0004,8.2620,0.0004,0.0004,8.2620,0.0004,0.0004
2025-07-21 16:04:26,8.2616,0.0004,0.0004,0.0004,0.0004,9.3264,0.0000,0.0004,0.0004,0.0004,0.0004,0.0013,0.0004,9.3022,0.0004,0.0010,8.2620,0.0004,0.0004,8.2620,0.0004,0.0004
2025-07-21 16:04:27,8.2620,0.0004,0.0004,0.0004,0.0004,9.2538,0.0004,0.0004,0.0004,0.0004,0.0004,0.0004,0.0004,9.2901,0.0004,0.0000,8.2616,0.0004,0.0004,8.2620,0.0004,0.0004
2025-07-21 16:04:28,8.2625,0.0000,0.0004,0.0000,0.0004,9.3022,0.0004,0.0004,0.0000,0.0004,0.0004,0.0004,0.0004,9.2659,0.0004,0.0004,8.2257,0.0000,0.0000,8.2378,0.0004,0.0004
2025-07-21 16:04:29,8.2741,0.0004,0.0004,0.0004,0.0004,9.3143,0.0004,0.0004,0.0004,0.0000,0.0000,0.0004,0.0000,9.3143,0.0004,0.0004,8.3104,0.0004,0.0004,8.2979,0.0004,0.0004
2025-07-21 16:04:29,0.0605,0.0000,0.0000,0.0000,0.0000,0.0605,0.0000,0.0000,0.0000,0.0000,0.0000,0.0000,0.0000,0.0605,0.0000,0.0000,0.0242,0.0000,0.0000,0.0242,0.0000,0.0000,h2-h3
2025-07-21 16:04:30,8.2499,0.0004,6.1569,0.0004,0.0004,9.3139,0.0004,0.0004,0.0004,0.0004,0.0004,0.0004,0.0004,9.3143,0.0004,0.0004,10.0764,5.8912,0.0010,4.1614,0.0000,0.0004
2025-07-21 16:04:31,8.2858,0.0004,6.1936,0.0004,0.0004,9.2901,0.0004,0.0000,0.0004,0.0004,0.0004,0.0004,0.0004,9.2901,0.0004,0.0004,10.0401,5.9033,0.0004,4.1372,0.0004,0.0004
2025-07-21 16:04:32,8.2378,0.0000,6.1936,0.0004,0.0004,9.2659,0.0004,0.0004,0.0004,0.0004,0.0004,0.0004,0.0004,9.2659,0.0004,0.0004,10.0397,5.8912,0.0004,4.1614,0.0004,0.0004
2025-07-21 16:04:33,8.2749,0.0004,6.2057,0.0004,0.0004,9.3143,0.0004,0.0004,0.0004,0.0004,0.0004,0.0004,0.0004,9.3143,0.0004,0.0004,10.0522,6.0117,0.0004,4.0405,0.0004,0.0004
2025-07-21 16:04:34,8.2741,0.0004,6.1936,0.0000,0.0004,9.3022,0.0004,0.0004,0.0004,0.0004,0.0004,0.0004,0.0004,9.3022,0.0004,0.0004,10.0280,6.0853,0.0000,3.9554,0.0004,0.0004
2025-07-21 16:04:35,8.2378,0.0004,6.1932,0.0004,0.0004,9.2659,0.0004,0.0004,0.0004,0.0004,0.0004,0.0004,0.0004,9.3143,0.0004,0.0004,10.0522,5.8065,0.0004,4.2219,0.0004,0.0004
2025-07-21 16:04:36,8.2741,0.0004,6.2071,0.0004,0.0004,9.3143,0.0004,0.0010,0.0004,0.0004,0.0004,0.0004,0.0004,9.3139,0.0004,0.0004,10.0643,5.9758,0.0004,4.0889,0.0004,0.0004
2025-07-21 16:04:37,8.2737,0.0004,6.2057,0.0004,0.0004,9.3506,0.0004,0.0004,0.0004,0.0004,0.0004,0.0000,0.0004,9.3385,0.0004,0.0004,10.1014,5.9758,0.0004,4.1130,0.0004,0.0004
2025-07-21 16:04:38,8.3346,0.0000,6.2540,0.0004,0.0004,9.3633,0.0004,0.0004,0.0004,0.0004,0.0004,0.0004,0.0004,9.3264,0.0004,0.0004,10.0765,6.0484,0.0004,4.0289,0.0004,0.0004
2025-07-21 16:04:39,8.2862,0.0004,6.2178,0.0004,0.0004,9.2901,0.0004,0.0004,0.0004,0.0004,0.0004,0.0004,0.0004,9.3264,0.0004,0.0004,10.0643,6.0126,0.0013,4.0659,0.0004,0.0004
2025-07-21 16:04:39,0.0605,0.0000,0.0363,0.0000,0.0000,0.0726,0.0000,0.0000,0.0000,0.0000,0.0000,0.0000,0.0000,0.0605,0.0000,0.0000,0.0605,0.0363,0.0000,0.0363,0.0000,0.0000,h7-h13
2025-07-21 16:04:40,8.2741,0.0004,6.1815,0.0000,0.0004,9.3022,7.1612,0.0004,0.0004,0.0004,7.1612,0.0004,0.0004,9.2780,0.0004,0.0004,10.0401,5.8186,0.0000,4.1852,0.0004,0.0004
2025-07-21 16:04:41,4.6332,3.6292,6.1932,3.5929,3.4957,9.3022,8.2745,1.1616,0.0004,0.0004,7.0645,0.0004,1.1616,9.3022,0.0004,0.0004,8.6007,6.0847,0.0004,3.9679,0.0004,0.0004
2025-07-21 16:04:42,0.0000,8.2499,6.2178,8.2499,8.3475,9.2789,10.0280,2.8430,0.0000,0.0010,7.2217,0.0004,2.8430,9.2786,0.0004,0.0004,6.1936,6.2178,0.0004,2.8551,0.0010,0.0004
2025-07-21 16:04:43,0.0004,7.9471,6.1815,7.9475,7.9112,9.3143,10.0522,2.8196,0.0004,0.0000,7.2096,0.0004,2.8188,9.3143,0.0004,0.0004,6.1811,6.1818,0.0004,2.8551,0.0004,0.0004
2025-07-21 16:04:44,0.0004,8.5891,6.1936,8.5886,8.5770,9.2901,10.0527,2.8914,0.0004,0.0013,7.1850,0.0004,2.8914,9.2901,0.0004,0.0004,6.2178,6.1811,0.0004,3.2542,0.0004,0.0004
2025-07-21 16:04:45,2.0809,6.1694,6.2057,6.2052,6.2419,9.3139,10.0401,2.8547,0.0004,0.0004,7.1621,0.0004,2.8547,9.3143,0.0004,0.0004,7.5362,6.0121,0.0000,4.6812,0.0004,0.0004
2025-07-21 16:04:46,5.1775,2.9276,6.2052,2.9282,2.9397,9.3143,10.0522,2.8067,0.0004,0.0004,7.2468,0.0004,2.8072,9.3152,0.0004,0.0004,10.0522,5.9033,0.0004,6.9677,0.0004,0.0004
2025-07-21 16:04:47,5.1529,3.0607,6.1936,3.0486,3.0486,9.2780,10.0522,2.8672,0.0004,0.0004,7.2217,0.0004,2.8672,9.3385,0.0004,0.0004,10.0885,5.9516,0.0004,7.0161,0.0004,0.0004
2025-07-21 16:04:48,5.1654,3.0607,6.2419,3.0607,3.0607,9.3264,10.0764,2.7341,0.0004,0.0004,7.3185,0.0004,2.7341,9.3143,0.0004,0.0004,10.0518,5.9154,0.0004,6.8830,0.0004,0.0004
2025-07-21 16:04:49,5.1170,3.1571,6.1936,3.1091,3.0849,9.3264,10.0643,2.9155,0.0004,0.0004,7.1129,0.0000,2.9155,9.2776,0.0004,0.0004,10.0522,5.8912,0.0004,7.0403,0.0004,0.0004
2025-07-21 16:04:49,0.0363,0.0242,0.0847,0.0605,0.0847,0.0726,0.1089,0.0121,0.0000,0.0000,0.1331,0.0000,0.0121,0.0726,0.0000,0.0000,0.1089,0.0847,0.0000,0.0847,0.0000,0.0000,h5-h4
2025-07-21 16:04:50,8.4434,2.8551,6.1815,2.8788,2.8672,9.3385,10.0522,2.8067,0.0004,0.0004,7.2096,0.0004,2.8067,9.3385,0.0010,0.0004,10.0522,5.6004,0.6048,6.5927,0.0013,0.0018
2025-07-21 16:04:51,8.4555,2.7825,6.2178,2.7833,2.7579,9.3143,10.0401,2.8067,0.0004,0.0004,7.2701,0.0004,2.8067,9.3022,0.0004,0.0004,10.0401,5.6855,0.7383,6.4472,0.0004,0.0004
2025-07-21 16:04:52,8.2257,3.1091,6.2052,3.1091,3.1454,9.2659,10.0401,2.8188,0.0004,0.0004,7.2338,0.0004,2.8188,9.2780,0.0004,0.0004,10.0401,5.7339,0.7141,6.4355,0.0004,0.0004
2025-07-21 16:04:53,8.1890,3.0970,6.1694,3.0970,3.0849,9.3022,10.0397,2.8309,0.0004,0.0004,7.2217,0.0004,2.8317,9.3022,0.0004,0.0004,10.0401,5.6976,0.6899,6.4476,0.0004,0.0004
2025-07-21 16:04:54,8.3587,2.9881,6.2298,2.9639,2.9760,9.2901,10.0522,2.8309,0.0000,0.0004,7.2096,0.0004,2.8309,9.2901,0.0009,0.0004,10.0518,5.6855,0.5931,6.6532,0.0004,0.0004
2025-07-21 16:04:54,0.0847,0.0242,0.0363,0.0363,0.0242,0.1089,0.1089,0.0121,0.0000,0.0000,0.0484,0.0000,0.0121,0.1089,0.0004,0.0000,0.1089,0.0242,0.0000,0.0363,0.0000,0.0000,h14-h3
2025-07-21 16:04:55,8.2257,3.0845,10.0280,3.0607,3.0728,9.2901,10.0522,2.8551,0.0004,0.0000,7.2459,0.0004,2.8430,9.2901,0.0004,0.0004,10.0401,6.2661,0.3391,6.3508,0.0004,0.0004
2025-07-21 16:04:56,8.3225,2.8793,10.0401,2.9151,2.9155,9.2901,10.0401,2.7099,0.0013,0.0004,7.3060,0.0004,2.7220,9.2901,0.0004,0.0013,10.0522,6.3867,0.3629,5.9516,0.0004,0.0004
2025-07-21 16:04:57,8.3587,2.9276,10.0401,2.9034,2.8914,9.2776,10.0401,2.9151,0.0010,0.0004,7.1612,0.0010,2.9030,9.2784,0.0000,0.0004,10.0280,6.2419,0.3270,6.3988,0.0004,0.0004
2025-07-21 16:04:58,8.2862,3.0244,10.0397,3.0486,3.0607,9.3022,10.0401,2.8188,0.0004,0.0004,7.2096,0.0013,2.8188,9.3022,0.0004,0.0004,10.0401,6.1815,0.3633,6.3266,0.0004,0.0004
2025-07-21 16:04:59,8.3220,2.9034,10.0401,2.8793,2.8309,9.2780,10.0401,2.7462,0.0004,0.0004,7.2943,0.0004,2.7462,9.2780,0.0004,0.0004,10.0522,6.2661,0.4480,6.0484,0.0004,0.0004
2025-07-21 16:05:00,8.0684,3.1817,10.0401,3.2058,3.2542,9.2901,10.0401,2.8430,0.0004,0.0004,7.1975,0.0004,2.8430,9.2901,0.0004,0.0004,10.0397,6.2181,0.4480,6.2419,0.0004,0.0004
2025-07-21 16:05:01,8.4918,2.7942,10.0401,2.7946,2.7462,9.3022,10.0643,2.7946,0.0004,0.0004,7.1854,0.0000,2.8067,9.3018,0.0004,0.0004,10.0522,6.0359,0.4963,6.2178,0.0004,0.0004
2025-07-21 16:05:02,8.3104,3.0244,10.0764,2.9998,3.0119,9.3506,10.0522,2.8551,0.0004,0.0004,7.2580,0.0004,2.8551,9.3506,0.0004,0.0004,10.0643,6.1452,0.3390,6.5076,0.0004,0.0004
2025-07-21 16:05:03,8.1773,3.1333,10.0522,3.1575,3.1817,9.3143,10.0522,2.7946,0.0004,0.0004,7.2580,0.0004,2.7946,9.3143,0.0004,0.0010,10.0401,6.1815,0.3512,6.3024,0.0004,0.0004
2025-07-21 16:05:04,8.1894,3.1333,10.0397,3.1212,3.1212,9.2659,10.0401,2.8551,0.0004,0.0004,7.2096,0.0004,2.8793,9.2659,0.0004,0.0004,10.0885,6.2178,0.3633,6.3871,0.0004,0.0004
2025-07-21 16:05:05,8.5277,2.8793,10.1006,2.8672,2.8793,9.3748,10.1123,2.8551,0.0004,0.0004,7.2580,0.0004,2.8309,9.3748,0.0004,0.0004,10.0764,6.2178,0.2786,6.4113,0.0004,0.0004
2025-07-21 16:05:06,8.2257,3.1454,10.0764,3.1454,3.1212,9.3143,10.0643,2.7946,0.0000,0.0000,7.2818,0.0004,2.7825,9.3143,0.0004,0.0004,10.0639,6.3508,0.4722,6.0484,0.0004,0.0004
2025-07-21 16:05:07,8.3587,2.9030,10.0522,2.9155,2.9397,9.2780,10.0522,2.8309,0.0004,0.0004,7.1975,0.0004,2.8305,9.2780,0.0004,0.0004,10.0522,6.2778,0.4238,6.1936,0.0004,0.0004
2025-07-21 16:05:08,8.0201,3.2300,10.0401,3.2175,3.2179,9.3022,10.0401,2.8430,0.0004,0.0004,7.2096,0.0004,2.8551,9.3022,0.0004,0.0004,10.0401,6.2661,0.4234,6.1693,0.0004,0.0004
2025-07-21 16:05:09,8.2862,3.0365,10.0397,3.0607,3.0486,9.3381,10.0401,2.7821,0.0004,0.0004,7.2459,0.0004,2.7825,9.3385,0.0004,0.0004,10.0280,4.9235,0.3512,7.5604,0.0004,0.0004
2025-07-21 16:05:10,8.1047,3.1817,10.0401,3.1575,3.1575,9.2659,10.0401,2.8309,0.0004,0.0004,7.2338,0.0004,2.8188,9.2659,0.0004,0.0004,9.9917,4.9235,0.3391,7.5483,0.0004,0.0004
2025-07-21 16:05:11,8.1164,3.1696,10.0401,3.1575,3.1696,9.2780,10.0401,2.8309,0.0004,0.0004,7.1975,0.0004,2.8309,9.2780,0.0004,0.0004,9.8224,4.8872,0.3512,7.4394,0.0004,0.0004
2025-07-21 16:05:12,8.4555,2.7821,10.0401,2.8067,2.8067,9.3264,10.0401,2.7704,0.0004,0.0004,7.2459,0.0004,2.7825,9.3260,0.0004,0.0004,9.9913,4.8630,0.3391,7.5241,0.0004,0.0004
2025-07-21 16:05:13,8.1047,3.1575,10.0401,3.1692,3.1575,9.2901,10.0401,2.8309,0.0004,0.0004,7.2096,0.0000,2.8309,9.2901,0.0004,0.0004,9.9554,4.8868,0.3387,7.5604,0.0004,0.0004
2025-07-21 16:05:14,8.1773,3.1696,10.0401,3.1333,3.1450,9.2780,10.0401,2.8188,0.0004,0.0004,7.2459,0.0004,2.8188,9.2780,0.0004,0.0004,9.8949,4.8875,0.3391,7.5358,0.0004,0.0004
2025-07-21 16:05:15,8.3104,3.0244,10.0518,3.0607,3.1575,9.3022,10.0522,2.8430,0.0004,0.0004,7.1975,0.0004,2.8430,9.3022,0.0004,0.0004,9.9312,4.8630,0.3512,7.5483,0.0004,0.0004
2025-07-21 16:05:16,7.9955,3.3147,10.0401,3.3026,3.3026,9.2901,10.0397,2.8188,0.0004,0.0004,7.2217,0.0004,2.8188,9.2901,0.0004,0.0004,9.7982,4.8751,0.3391,7.4032,0.0004,0.0004
2025-07-21 16:05:17,8.2378,3.0728,10.0280,3.0849,3.0607,9.3143,10.0280,2.7462,0.0004,0.0004,7.2701,0.0004,2.7462,9.3143,0.0004,0.0004,9.9187,4.8630,0.3391,7.4274,0.0004,0.0004
2025-07-21 16:05:18,8.5765,2.7337,10.0401,2.6978,2.7220,9.3022,10.0401,2.7341,0.0000,0.0000,7.3181,0.0004,2.7337,9.3022,0.0004,0.0004,9.9675,4.8751,0.3512,7.5241,0.0004,0.0004
2025-07-21 16:05:19,8.1047,3.2058,10.0522,3.2175,3.1938,9.2901,10.0522,2.9639,0.0004,0.0004,7.0645,0.0004,2.9639,9.2901,0.0004,0.0004,9.9433,4.8626,0.3387,7.6814,0.0004,0.0004
2025-07-21 16:05:20,8.5886,2.6978,10.0522,2.7099,2.7099,9.3139,9.8103,2.5281,0.0004,0.0004,7.2943,0.0004,2.5285,9.3143,0.0004,0.0004,9.8949,4.8751,0.3391,7.1971,0.0004,0.0004
2025-07-21 16:05:21,8.3829,2.8914,10.0397,2.8914,2.9155,9.2659,10.0401,2.7946,0.0004,0.0004,7.2701,0.0004,2.7704,9.2659,0.0004,0.0004,9.9070,4.8872,0.3512,7.4757,0.0004,0.0004
2025-07-21 16:05:22,8.0559,3.2542,10.0401,3.2663,3.2542,9.3264,10.0401,2.8793,0.0004,0.0004,7.1495,0.0000,2.9034,9.3260,0.0004,0.0004,9.9070,4.8751,0.3391,7.5604,0.0004,0.0004
2025-07-21 16:05:23,8.0201,3.3026,10.0401,3.2905,3.2905,9.2780,10.0401,2.8672,0.0004,0.0004,7.1975,0.0004,2.8672,9.2780,0.0004,0.0004,9.8220,4.8872,0.3391,7.4999,0.0004,0.0004
2025-07-21 16:05:24,8.2741,3.0240,10.0401,3.0123,3.0244,9.3143,10.0522,2.7704,0.0004,0.0004,7.2459,0.0004,2.7704,9.3143,0.0004,0.0004,9.9191,4.8505,0.3512,7.4757,0.0004,0.0004
2025-07-21 16:05:25,7.9596,3.3389,10.0401,3.3506,3.3268,9.2901,10.0401,2.8551,0.0004,0.0004,7.1854,0.0004,2.8551,9.2901,0.0004,0.0004,9.8103,4.8993,0.3387,7.5358,0.0004,0.0004
2025-07-21 16:05:26,8.0442,3.1938,10.0760,3.2058,3.2175,9.3143,10.0764,2.8067,0.0004,0.0004,7.2459,0.0004,2.8067,9.3143,0.0004,0.0004,9.8466,4.8509,0.3394,7.4394,0.0004,0.0004
2025-07-21 16:05:27,7.9717,3.2784,10.0522,3.2784,3.2784,9.3264,10.0522,2.7946,0.0004,0.0004,7.2822,0.0004,2.7946,9.3264,0.0004,0.0004,9.8345,4.8872,0.3512,7.4032,0.0004,0.0004
2025-07-21 16:05:28,8.3220,3.0123,10.0522,3.0002,3.0123,9.2659,10.0397,2.8430,0.0004,0.0004,7.2217,0.0004,2.8430,9.2659,0.0004,0.0004,9.9433,4.8751,0.3391,7.5604,0.0004,0.0004
2025-07-21 16:05:29,8.1053,3.1571,10.0401,3.1575,3.1575,9.2901,10.0401,2.8309,0.0004,0.0004,7.1975,0.0004,2.8309,9.2901,0.0004,0.0004,9.9308,4.8872,0.3397,7.5483,0.0004,0.0004
2025-07-21 16:05:30,8.1410,3.1212,10.0401,3.1333,3.1212,9.3385,10.0401,2.7946,0.0000,0.0004,7.2459,0.0004,2.7946,9.3385,0.0004,0.0004,9.9675,4.8747,0.3512,7.5362,0.0004,0.0004
2025-07-21 16:05:31,8.3829,2.9155,10.0401,2.8788,2.8914,9.2297,10.0522,2.8309,0.0004,0.0000,7.2213,0.0004,2.7946,9.1692,0.0004,0.0004,9.8828,4.8751,0.3387,7.4753,0.0004,0.0004
2025-07-21 16:05:32,8.2136,3.0970,10.0518,3.1212,3.0849,9.3506,10.0401,2.8309,0.0004,0.0004,7.2338,0.0004,2.8426,9.4111,0.0004,0.0004,9.9312,4.8630,0.3391,7.5604,0.0004,0.0004
2025-07-21 16:05:33,8.1894,3.0849,10.0401,3.0970,3.1333,9.2659,10.0522,2.7946,0.0004,0.0004,7.2217,0.0004,2.8188,9.3143,0.0004,0.0004,9.9312,4.8878,0.3391,7.5241,0.0004,0.0004
2025-07-21 16:05:34,8.3341,2.9518,10.0522,2.9518,2.9397,9.3018,10.0401,2.7583,0.0004,0.0004,7.2943,0.0004,2.7583,9.3022,0.0004,0.0004,9.9796,4.8751,0.3512,7.5120,0.0004,0.0004
2025-07-21 16:05:35,8.0322,3.2538,10.0401,3.2300,3.2300,9.3143,10.0522,2.8668,0.0004,0.0004,7.1975,0.0004,2.8551,9.2659,0.0004,0.0004,9.9187,4.9477,0.3391,7.4999,0.0004,0.0004
2025-07-21 16:05:36,8.2983,3.0002,10.0401,3.0119,3.0244,9.2901,10.0401,2.8309,0.0004,0.0004,7.2096,0.0004,2.8430,9.2901,0.0004,0.0004,9.9191,4.8747,0.3387,7.5245,0.0004,0.0004
2025-07-21 16:05:37,8.3233,2.9397,10.0522,2.9518,2.9397,9.3270,10.0401,2.7951,0.0004,0.0004,7.2338,0.0004,2.7946,9.3264,0.0004,0.0004,9.9675,4.8388,0.3512,7.5358,0.0004,0.0004
2025-07-21 16:05:38,8.1168,3.1938,10.0397,3.1938,3.2058,9.2780,10.0401,2.8309,0.0004,0.0004,7.2217,0.0004,2.8309,9.2780,0.0004,0.0004,9.8466,4.8630,0.3391,7.5120,0.0004,0.0004
2025-07-21 16:05:39,8.1285,3.1212,10.0401,3.1212,3.0970,9.3264,10.0522,2.7825,0.0004,0.0004,7.2459,0.0004,2.7825,9.3260,0.0004,0.0004,9.9554,4.8993,0.3391,7.4999,0.0004,0.0004
2025-07-21 16:05:40,8.1652,3.1333,10.0409,3.1212,3.1454,9.2659,10.0280,2.7462,0.0004,0.0004,7.3064,0.0000,2.7341,9.2659,0.0004,0.0004,9.9308,4.8872,0.3512,7.4515,0.0004,0.0004
2025-07-21 16:05:41,8.0684,3.1933,10.0401,3.1575,3.1575,9.2901,10.0522,2.9155,0.0004,0.0004,7.1370,0.0004,2.9155,9.2901,0.0004,0.0004,9.7990,4.8626,0.3391,7.5120,0.0010,0.0004
2025-07-21 16:05:42,8.2378,3.0244,10.0643,3.0603,3.0607,9.3264,10.0643,2.7946,0.0004,0.0004,7.2701,0.0004,2.8067,9.3627,0.0004,0.0004,10.0159,4.9005,0.3395,7.5600,0.0004,0.0004
2025-07-21 16:05:43,8.1652,3.0250,10.0639,3.0365,3.0244,9.2901,10.0643,2.8188,0.0004,0.0010,7.2338,0.0004,2.8188,9.3143,0.0004,0.0004,9.9433,4.8630,0.3512,7.5618,0.0004,0.0004
2025-07-21 16:05:44,8.2862,3.0728,10.0522,3.0486,3.0361,9.3385,10.0401,2.8067,0.0004,0.0004,7.2459,0.0004,2.8067,9.2784,0.0004,0.0004,10.0159,4.9238,0.3391,7.5120,0.0004,0.0004
2025-07-21 16:05:45,8.3220,2.9881,10.0406,3.0002,3.0244,9.2780,10.0530,2.8430,0.0004,0.0004,7.1975,0.0004,2.8435,9.2780,0.0004,0.0004,9.9312,4.8872,0.3391,7.5967,0.0004,0.0004
2025-07-21 16:05:46,7.9475,3.3990,10.0522,3.3994,3.3760,9.3273,10.0518,2.8067,0.0004,0.0004,7.2459,0.0004,2.8067,9.3264,0.0004,0.0004,9.7010,4.8630,0.3512,7.2701,0.0004,0.0004
2025-07-21 16:05:47,8.2741,3.0486,10.0522,3.0486,3.0486,9.3143,10.0522,2.8196,0.0004,0.0013,7.2217,0.0004,2.8188,9.3149,0.0004,0.0004,9.9439,4.8989,0.3391,7.5362,0.0004,0.0004
2025-07-21 16:05:48,8.2015,3.0970,10.0401,3.1087,3.1212,9.2780,10.0280,2.8188,0.0000,0.0004,7.2105,0.0004,2.8188,9.2780,0.0004,0.0004,9.9191,4.8509,0.3387,7.5479,0.0004,0.0004
2025-07-21 16:05:49,8.2015,3.0970,10.0397,3.0607,3.0728,9.2780,10.0522,2.7946,0.0004,0.0000,7.2701,0.0004,2.7946,9.2780,0.0004,0.0004,9.9191,4.8872,0.3512,7.4878,0.0004,0.0004
2025-07-21 16:05:50,8.1047,3.2542,10.0401,3.2911,3.2663,9.3143,10.0401,2.8067,0.0004,0.0004,7.2576,0.0004,2.7825,9.3152,0.0004,0.0004,9.9796,5.0686,0.3391,7.3427,0.0004,0.0004
2025-07-21 16:05:51,8.2132,3.1091,10.0522,3.0849,3.1091,9.2901,10.0401,2.8430,0.0004,0.0004,7.1854,0.0004,2.8547,9.2901,0.0004,0.0004,9.8949,4.8993,0.3394,7.5362,0.0004,0.0004
2025-07-21 16:05:52,8.2136,3.0845,10.0401,3.1091,3.0854,9.3264,10.0522,2.8067,0.0004,0.0004,7.2223,0.0004,2.8188,9.3264,0.0010,0.0004,9.9187,4.8751,0.3512,7.4999,0.0004,0.0004
2025-07-21 16:05:53,8.2257,3.1091,10.0401,3.1087,3.1333,9.2655,10.0401,2.8309,0.0004,0.0004,7.2338,0.0004,2.8188,9.2659,0.0004,0.0004,9.8949,4.8747,0.3387,7.5120,0.0013,0.0013
2025-07-21 16:05:54,8.0926,3.1938,10.0401,3.1462,3.1454,9.2901,10.0401,2.7821,0.0004,0.0004,7.2459,0.0004,2.7946,9.2901,0.0004,0.0004,9.9191,4.8630,0.3391,7.4874,0.0004,0.0010
2025-07-21 16:05:55,8.1410,3.1696,10.0518,3.1938,3.1938,9.3022,10.0401,2.8188,0.0004,0.0004,7.2338,0.0004,2.8067,9.3022,0.0004,0.0004,9.8949,4.8751,0.3512,7.4999,0.0004,0.0004
2025-07-21 16:05:56,8.0801,3.2179,10.0401,3.2179,3.2179,9.3022,10.0522,2.8430,0.0004,0.0004,7.1975,0.0004,2.8551,9.3022,0.0004,0.0004,9.8949,4.8872,0.3391,7.4999,0.0004,0.0004
2025-07-21 16:05:57,8.1168,3.0849,10.0401,3.0970,3.0728,9.3264,10.0401,2.7825,0.0004,0.0004,7.2459,0.0004,2.7833,9.3264,0.0004,0.0004,9.9187,4.8630,0.3391,7.4515,0.0004,0.0004
2025-07-21 16:05:58,8.1652,3.1208,10.0522,3.1091,3.1333,9.2659,10.0406,2.8430,0.0004,0.0004,7.2217,0.0004,2.8430,9.2655,0.0013,0.0004,9.8828,4.8989,0.3512,7.5241,0.0004,0.0004
2025-07-21 16:05:59,8.4676,2.8672,10.0522,2.8788,2.8793,9.3143,10.0643,2.7462,0.0004,0.0004,7.3067,0.0000,2.7462,9.3143,0.0004,0.0004,10.0159,4.8872,0.3387,7.5600,0.0004,0.0004
2025-07-21 16:06:00,8.1168,3.2058,10.0522,3.1817,3.1817,9.2901,9.5925,2.6978,0.0013,0.0004,6.8951,0.0004,2.6978,9.2901,0.0004,0.0013,9.9191,4.8751,0.3391,7.3911,0.0004,0.0004
2025-07-21 16:06:01,8.2257,3.0970,10.0397,3.0970,3.0845,9.3264,10.0401,2.7825,0.0004,0.0004,7.2096,0.0004,2.7825,9.3264,0.0004,0.0004,9.8828,4.8509,0.3391,7.4274,0.0004,0.0004
2025-07-21 16:06:02,8.1890,3.0486,10.0401,3.0849,3.1454,9.3143,10.0397,2.7462,0.0004,0.0004,7.2822,0.0013,2.7462,9.3143,0.0004,0.0004,9.9191,4.8993,0.3512,7.4394,0.0004,0.0004
2025-07-21 16:06:03,8.0805,3.1817,10.0401,3.1696,3.1575,9.2780,10.0280,2.8430,0.0004,0.0004,7.1733,0.0004,2.8430,9.2780,0.0004,0.0004,9.8703,4.8630,0.3391,7.4757,0.0004,0.0004
2025-07-21 16:06:04,8.5160,2.8305,10.0401,2.8188,2.8309,9.2780,10.0522,2.8067,0.0006,0.0004,7.2580,0.0010,2.8067,9.2780,0.0004,0.0004,9.9554,4.8868,0.3391,7.5725,0.0004,0.0004
2025-07-21 16:06:05,8.5039,2.7583,10.0522,2.7821,2.7825,9.3022,10.0401,2.7583,0.0004,0.0000,7.2943,0.0004,2.7341,9.3022,0.0004,0.0004,9.9796,4.8630,0.3508,7.6329,0.0004,0.0004
2025-07-21 16:06:06,8.1652,3.1212,10.0397,3.0970,3.0970,9.3022,10.0401,2.8914,0.0004,0.0004,7.1608,0.0004,2.8909,9.3022,0.0004,0.0004,9.8707,4.8509,0.3391,7.5362,0.0004,0.0004
2025-07-21 16:06:07,8.2741,2.9760,10.0401,3.0002,2.9760,9.3264,10.0401,2.7704,0.0004,0.0004,7.2459,0.0004,2.7946,9.3264,0.0004,0.0004,9.9312,4.9114,0.3391,7.4999,0.0004,0.0004
2025-07-21 16:06:08,8.1769,3.1333,10.0401,3.1333,3.1333,9.2655,10.0401,2.8430,0.0004,0.0004,7.2217,0.0004,2.8309,9.2659,0.0004,0.0004,9.8949,4.8630,0.3512,7.5120,0.0004,0.0004
2025-07-21 16:06:09,8.0563,3.2417,10.0401,3.2300,3.2542,9.2901,10.0401,2.8063,0.0004,0.0004,7.2217,0.0004,2.8067,9.2901,0.0004,0.0004,9.8824,4.8872,0.3391,7.4757,0.0004,0.0004
2025-07-21 16:06:10,8.1652,3.0849,10.0401,3.0849,3.0849,9.2901,10.0522,2.7704,0.0004,0.0004,7.2701,0.0004,2.7825,9.2901,0.0004,0.0004,10.0280,4.8868,0.3754,7.5362,0.0004,0.0004
2025-07-21 16:06:11,8.2499,3.0244,10.0643,2.9877,2.9760,8.9998,10.0522,2.7946,0.0004,0.0004,7.1854,0.0004,2.7946,8.8910,0.0004,0.0004,9.8466,4.8267,0.3387,7.4028,0.0004,0.0004
2025-07-21 16:06:12,8.3225,3.0244,10.0397,3.0365,3.0244,9.5925,10.0401,2.8430,0.0004,0.0004,7.2580,0.0004,2.8430,9.7014,0.0004,0.0004,9.9796,4.9114,0.3512,7.6209,0.0004,0.0004
2025-07-21 16:06:13,8.2378,3.0002,10.0401,3.0365,3.0607,9.2901,10.0401,2.8430,0.0004,0.0004,7.2217,0.0004,2.8430,9.3018,0.0004,0.0004,9.9554,4.8872,0.3391,7.5967,0.0004,0.0004
2025-07-21 16:06:14,8.1769,3.0970,10.0159,3.0849,3.0728,9.2780,10.0280,2.8188,0.0004,0.0004,7.1733,0.0000,2.8188,9.2659,0.0004,0.0010,9.8949,4.8751,0.3391,7.4757,0.0004,0.0004
2025-07-21 16:06:15,8.4555,2.8547,10.0522,2.8551,2.8672,9.2780,10.0401,2.7825,0.0004,0.0004,7.2943,0.0004,2.7825,9.2780,0.0004,0.0004,9.8824,4.8512,0.3394,7.4757,0.0004,0.0004
2025-07-21 16:06:16,8.3466,2.9518,10.0401,2.9514,2.9155,9.3143,10.0522,2.8551,0.0004,0.0004,7.1975,0.0004,2.8551,9.3143,0.0004,0.0004,10.0280,4.8989,0.3508,7.6209,0.0004,0.0004
2025-07-21 16:06:17,8.1531,3.1091,10.0522,3.1212,3.1571,9.2901,10.0401,2.7825,0.0004,0.0004,7.2459,0.0004,2.7825,9.3264,0.0004,0.0004,9.9191,4.8993,0.3391,7.4995,0.0004,0.0004
2025-07-21 16:06:18,8.1047,3.1817,10.0397,3.1817,3.1817,9.3385,10.0522,2.8793,0.0004,0.0004,7.1612,0.0004,2.8793,9.3022,0.0004,0.0004,9.9433,4.8751,0.3391,7.5725,0.0004,0.0004
2025-07-21 16:06:19,8.2858,3.0123,10.0401,3.0002,2.9881,9.2780,10.0276,2.8188,0.0004,0.0004,7.2096,0.0004,2.8188,9.2780,0.0004,0.0004,9.8707,4.8872,0.3512,7.4515,0.0004,0.0004
2025-07-21 16:06:20,8.0080,3.2542,10.0401,3.2421,3.2542,9.2780,10.0401,2.8188,0.0004,0.0004,7.2580,0.0004,2.8067,9.2780,0.0004,0.0004,9.8340,4.8509,0.3391,7.4636,0.0004,0.0004
2025-07-21 16:06:21,8.2015,3.0845,10.0522,3.1091,3.0970,9.3143,10.0522,2.7946,0.0004,0.0004,7.2217,0.0004,2.8067,9.3143,0.0004,0.0004,9.9191,4.8989,0.3512,7.4757,0.0004,0.0004
2025-07-21 16:06:22,8.0322,3.2179,10.0401,3.2175,3.1938,9.3143,10.0522,2.8309,0.0000,0.0000,7.2217,0.0004,2.8309,9.3143,0.0004,0.0004,9.8828,4.8993,0.3387,7.4874,0.0004,0.0004
2025-07-21 16:06:23,8.3829,2.9518,10.0401,2.9397,2.9518,9.2780,10.0280,2.7825,0.0004,0.0004,7.2576,0.0004,2.7825,9.2780,0.0004,0.0004,9.9554,4.8872,0.3391,7.5120,0.0004,0.0004
2025-07-21 16:06:24,8.1531,3.1333,10.0397,3.1212,3.1454,9.2780,10.0401,2.8672,0.0004,0.0004,7.1854,0.0004,2.8426,9.2780,0.0004,0.0004,9.9917,4.8751,0.3512,7.6209,0.0004,0.0004
2025-07-21 16:06:25,8.2011,3.0970,10.0401,3.1091,3.1091,9.3022,10.0401,2.8188,0.0004,0.0004,7.2338,0.0004,2.8188,9.3022,0.0004,0.0004,9.9312,4.8633,0.3391,7.5120,0.0004,0.0000
2025-07-21 16:06:26,8.0080,3.2905,10.0401,3.2784,3.2784,9.2897,10.0401,2.7946,0.0004,0.0004,7.2338,0.0004,2.8067,9.2901,0.0004,0.0004,9.8582,4.8872,0.3391,7.4757,0.0004,0.0004
2025-07-21 16:06:27,8.3346,2.9151,10.0401,2.9397,2.9276,9.2901,10.0401,2.7942,0.0004,0.0004,7.2338,0.0004,2.8067,9.3264,0.0004,0.0004,9.9433,4.8626,0.3512,7.5241,0.0004,0.0004
2025-07-21 16:06:28,8.1168,3.1696,10.0401,3.1329,3.1454,9.2780,10.0522,2.8067,0.0004,0.0004,7.2459,0.0004,2.8067,9.2418,0.0004,0.0004,9.8949,4.8751,0.3387,7.4874,0.0004,0.0004
2025-07-21 16:06:29,8.1652,3.0849,10.0518,3.1212,3.1212,9.3506,10.0280,2.8551,0.0004,0.0004,7.1854,0.0004,2.8551,9.3506,0.0004,0.0004,9.8949,4.8872,0.3391,7.5120,0.0004,0.0004
2025-07-21 16:06:30,8.1894,3.0728,10.0280,3.0365,3.0365,9.2418,10.0522,2.7704,0.0004,0.0004,7.2580,0.0004,2.7704,9.3022,0.0004,0.0004,10.0280,5.0807,0.3391,7.3790,0.0004,0.0004
2025-07-21 16:06:31,8.0801,3.2663,10.0764,3.2784,3.2784,9.3385,10.0643,2.8914,0.0004,0.0004,7.1975,0.0004,2.8914,9.2784,0.0004,0.0004,9.8949,4.8993,0.3512,7.5483,0.0004,0.0004
2025-07-21 16:06:32,8.1652,3.1329,10.0522,3.1575,3.1454,9.3385,10.0522,2.7946,0.0004,0.0004,7.2338,0.0000,2.7946,9.3381,0.0004,0.0004,9.9550,4.8630,0.3391,7.5241,0.0004,0.0004
2025-07-21 16:06:33,8.0563,3.2179,10.0522,3.1933,3.1817,9.2901,10.0522,2.8188,0.0004,0.0004,7.2338,0.0004,2.8188,9.2901,0.0004,0.0004,9.8949,4.8868,0.3391,7.4761,0.0004,0.0004
2025-07-21 16:06:34,8.3104,2.9639,10.0280,2.9639,2.9881,9.2901,10.0280,2.7946,0.0004,0.0004,7.2459,0.0004,2.7946,9.2901,0.0004,0.0004,9.9554,4.8630,0.3508,7.5479,0.0004,0.0004
2025-07-21 16:06:36,8.4434,2.8914,10.0518,2.9155,2.9155,9.3022,10.0522,2.7704,0.0004,0.0004,7.2704,0.0004,2.7704,9.3022,0.0004,0.0004,9.9796,4.8872,0.3391,7.5241,0.0004,0.0004
2025-07-21 16:06:37,8.0684,3.2058,10.0401,3.1938,3.1933,9.2780,10.0401,2.8914,0.0004,0.0004,7.1733,0.0004,2.8914,9.2780,0.0004,0.0004,9.8586,4.8872,0.3391,7.5241,0.0004,0.0004
2025-07-21 16:06:38,8.0559,3.2058,10.0522,3.1938,3.1817,9.3143,10.0522,2.8430,0.0004,0.0004,7.2096,0.0004,2.8309,9.3143,0.0004,0.0004,9.9312,4.8630,0.3512,7.5725,0.0004,0.0004
2025-07-21 16:06:39,8.3104,2.9756,10.0401,2.9881,3.0002,9.2780,10.0401,2.8188,0.0004,0.0004,7.2217,0.0004,2.8309,9.2780,0.0004,0.0004,9.8582,4.8872,0.3391,7.4515,0.0004,0.0004
2025-07-21 16:06:40,8.2257,3.0849,10.0401,3.0966,3.0607,9.3385,10.0518,2.7825,0.0004,0.0004,7.2459,0.0004,2.7825,9.3385,0.0004,0.0004,9.9433,4.8626,0.3394,7.5241,0.0004,0.0004
2025-07-21 16:06:41,8.1773,3.0849,10.0522,3.0728,3.1091,9.2780,9.5321,2.7341,0.0000,0.0000,6.8346,0.0004,2.7220,9.2780,0.0004,0.0004,9.9917,4.8630,0.3508,7.4995,0.0004,0.0004
2025-07-21 16:06:42,8.2620,2.9639,10.0397,2.9760,2.9518,9.3143,10.0401,2.8188,0.0004,0.0004,7.1971,0.0004,2.8309,9.3143,0.0004,0.0004,9.8828,4.8993,0.3391,7.4878,0.0004,0.0004
2025-07-21 16:06:43,8.2737,2.9639,10.0401,2.9639,3.0244,9.2659,10.0401,2.7341,0.0004,0.0004,7.2580,0.0004,2.7337,9.2659,0.0004,0.0004,9.9554,4.8993,0.3391,7.4394,0.0004,0.0004
2025-07-21 16:06:44,8.3829,2.9155,10.0522,2.9155,2.9034,9.3260,10.0522,2.8067,0.0004,0.0004,7.2217,0.0004,2.8067,9.3264,0.0004,0.0004,9.9429,4.8630,0.3512,7.5362,0.0004,0.0004
2025-07-21 16:06:45,8.6007,2.6490,10.0280,2.6494,2.6615,9.2901,10.0159,2.6611,0.0004,0.0004,7.3669,0.0004,2.6615,9.2901,0.0004,0.0004,9.9796,4.8872,0.3391,7.4032,0.0004,0.0004
2025-07-21 16:06:46,8.1773,3.1454,10.0401,3.1208,3.1333,9.2780,10.0522,2.9881,0.0004,0.0004,7.0766,0.0004,2.9760,9.2780,0.0004,0.0004,9.9070,4.9110,0.3387,7.6814,0.0004,0.0004
2025-07-21 16:06:47,8.0080,3.2663,10.0401,3.2663,3.2300,9.2901,10.0401,2.8188,0.0004,0.0004,7.2217,0.0004,2.8188,9.2901,0.0004,0.0004,9.7740,4.8633,0.3391,7.3544,0.0004,0.0004
2025-07-21 16:06:48,8.0684,3.2542,10.0397,3.2663,3.3026,9.2901,10.0401,2.8188,0.0004,0.0004,7.2217,0.0004,2.8309,9.2901,0.0004,0.0004,9.9070,4.8872,0.3512,7.5362,0.0004,0.0004
2025-07-21 16:06:49,8.3100,2.9639,10.0401,2.9639,2.9397,9.3143,10.0401,2.7583,0.0004,0.0004,7.2459,0.0004,2.7583,9.3139,0.0004,0.0004,9.9433,4.8388,0.3391,7.4515,0.0004,0.0004
2025-07-21 16:06:50,8.1773,3.0365,10.0401,3.0365,3.0607,9.2780,10.0401,2.8188,0.0004,0.0004,7.2580,0.0000,2.8067,9.2780,0.0004,0.0004,9.9429,4.8993,0.3391,7.5846,0.0004,0.0004
2025-07-21 16:06:51,8.0322,3.2901,10.0401,3.2905,3.2542,9.3143,10.0401,2.8309,0.0004,0.0004,7.1854,0.0004,2.8430,9.3143,0.0004,0.0004,9.8103,4.8626,0.3633,7.4032,0.0004,0.0004
2025-07-21 16:06:52,8.3104,2.9518,10.0401,2.9514,2.9881,8.9756,10.0401,2.8551,0.0004,0.0004,7.2096,0.0004,2.8551,8.9152,0.0004,0.0004,9.8707,4.8872,0.3387,7.4874,0.0004,0.0004
2025-07-21 16:06:53,8.3708,2.8672,10.0522,2.8793,2.8788,9.6288,10.0522,2.7946,0.0004,0.0004,7.2338,0.0004,2.7946,9.6893,0.0004,0.0004,9.8949,4.8751,0.3391,7.4757,0.0004,0.0004
2025-07-21 16:06:54,8.2983,3.0123,10.0397,3.0002,2.9760,9.2538,10.0401,2.8430,0.0004,0.0004,7.1491,0.0004,2.8430,9.2538,0.0004,0.0004,9.9433,4.8388,0.3512,7.6088,0.0004,0.0004
2025-07-21 16:06:55,8.2979,2.9881,10.0522,2.9760,3.0002,9.3143,10.0518,2.7946,0.0004,0.0004,7.3185,0.0004,2.7946,9.3143,0.0004,0.0004,9.9554,4.9114,0.3391,7.5120,0.0004,0.0004
2025-07-21 16:06:56,8.2257,3.1087,10.0643,3.1091,3.0970,9.3385,10.0522,2.8188,0.0004,0.0004,7.2338,0.0004,2.8188,9.3385,0.0004,0.0004,9.8461,4.8630,0.3391,7.4274,0.0004,0.0004
2025-07-21 16:06:57,7.9112,3.3752,10.0401,3.3752,3.3631,9.2780,10.0522,2.8309,0.0000,0.0004,7.2338,0.0004,2.8309,9.2780,0.0004,0.0004,9.8345,4.9352,0.3512,7.4274,0.0004,0.0004
2025-07-21 16:06:58,8.4192,2.8188,10.0522,2.8184,2.8430,9.2901,10.0522,2.6978,0.0004,0.0000,7.3427,0.0004,2.6978,9.3385,0.0004,0.0004,9.9070,4.8630,0.3387,7.3907,0.0004,0.0004
2025-07-21 16:06:59,8.2862,3.0123,10.0397,3.0365,3.0365,9.3143,10.0401,2.9639,0.0004,0.0004,7.1004,0.0004,2.9397,9.2659,0.0004,0.0004,9.9675,4.8509,0.3391,7.6935,0.0004,0.0004
2025-07-21 16:07:00,8.2257,3.0607,10.0401,3.0607,3.0607,9.2780,10.0280,2.7462,0.0004,0.0004,7.2822,0.0004,2.7700,9.2780,0.0004,0.0004,9.9675,4.9114,0.3512,7.5120,0.0004,0.0004
2025-07-21 16:07:01,8.0801,3.2058,10.0280,3.1938,3.1938,9.2901,10.0401,2.8551,0.0004,0.0004,7.1612,0.0004,2.8551,9.2901,0.0004,0.0004,9.9191,4.8751,0.3391,7.5483,0.0004,0.0004
2025-07-21 16:07:02,8.1168,3.0724,10.0401,3.0728,3.0728,9.3018,10.0401,2.7462,0.0004,0.0004,7.3064,0.0004,2.7220,9.3022,0.0004,0.0004,9.8099,4.8751,0.3391,7.3306,0.0004,0.0004
2025-07-21 16:07:03,8.1289,3.1575,10.0280,3.1571,3.1454,9.2901,10.0280,2.8788,0.0004,0.0004,7.1612,0.0004,2.8914,9.2901,0.0004,0.0004,9.8466,4.8626,0.3391,7.5003,0.0004,0.0004
2025-07-21 16:07:04,8.3587,2.9518,10.0401,2.9397,2.9518,9.2901,10.0401,2.7704,0.0004,0.0004,7.2580,0.0004,2.7825,9.2901,0.0004,0.0004,9.9796,4.8872,0.3508,7.5600,0.0004,0.0004
2025-07-21 16:07:05,8.2378,2.9639,10.0397,2.9760,2.9760,9.2901,10.0401,2.8067,0.0004,0.0004,7.2338,0.0004,2.8067,9.2901,0.0004,0.0004,9.9191,4.8630,0.3394,7.5120,0.0004,0.0004
2025-07-21 16:07:06,7.8870,3.3752,10.0401,3.3510,3.3510,9.2901,10.0401,2.8672,0.0004,0.0004,7.1612,0.0004,2.8672,9.2901,0.0004,0.0004,9.8224,4.8872,0.3391,7.4636,0.0004,0.0004
2025-07-21 16:07:07,8.0317,3.2179,10.0401,3.2542,3.2300,9.3264,10.0401,2.8309,0.0004,0.0004,7.2096,0.0004,2.8309,9.3260,0.0004,0.0004,9.8586,4.8630,0.3512,7.4515,0.0004,0.0004
2025-07-21 16:07:08,8.2015,3.0966,10.0401,3.0607,3.0849,9.2538,10.0401,2.7946,0.0004,0.0004,7.2459,0.0000,2.7946,9.3143,0.0004,0.0004,9.9066,4.8630,0.3391,7.5241,0.0004,0.0004
2025-07-21 16:07:09,8.3346,2.9397,10.0401,2.9635,2.9639,9.3022,10.0401,2.7583,0.0004,0.0004,7.2822,0.0004,2.7583,9.2418,0.0004,0.0004,10.0038,4.8871,0.3391,7.5362,0.0004,0.0004
2025-07-21 16:07:10,8.4313,2.7825,10.0401,2.7704,2.7583,9.3143,10.0401,2.7704,0.0004,0.0004,7.2943,0.0004,2.7583,9.3143,0.0004,0.0004,9.9312,4.8751,0.3508,7.4632,0.0004,0.0004
2025-07-21 16:07:11,8.1894,3.0002,10.0397,3.0123,3.0002,9.2901,10.0401,2.9034,0.0004,0.0004,7.1250,0.0004,2.9034,9.2901,0.0004,0.0004,10.0764,5.1412,0.3149,7.5362,0.0004,0.0004
2025-07-21 16:07:12,8.1890,3.0244,10.0401,3.0365,3.0361,9.3143,10.0401,2.8067,0.0004,0.0004,7.2096,0.0004,2.8188,9.3143,0.0004,0.0004,9.9554,4.9114,0.3391,7.4878,0.0004,0.0004
2025-07-21 16:07:13,8.3346,2.9639,10.0522,2.9276,2.9276,9.2780,10.0522,2.7825,0.0004,0.0004,7.3067,0.0004,2.7704,9.2780,0.0004,0.0004,9.9550,4.8630,0.3391,7.5241,0.0004,0.0004
2025-07-21 16:07:14,8.2378,2.9756,10.0401,2.9881,3.0123,9.2780,10.0397,2.8551,0.0004,0.0004,7.1612,0.0004,2.8672,9.3264,0.0004,0.0004,9.9070,4.8868,0.3512,7.5483,0.0004,0.0004
2025-07-21 16:07:15,8.2378,3.0365,10.0401,3.0482,3.0486,9.3022,10.0401,2.8430,0.0004,0.0004,7.2096,0.0004,2.8430,9.2538,0.0004,0.0004,9.8949,4.8872,0.3387,7.4995,0.0004,0.0004
2025-07-21 16:07:16,8.1047,3.2058,10.0518,3.2058,3.2058,9.3143,10.0401,2.7946,0.0000,0.0004,7.2217,0.0004,2.7946,9.3143,0.0004,0.0004,9.8949,4.8630,0.3391,7.5120,0.0004,0.0004
2025-07-21 16:07:17,8.2620,3.0123,9.9433,3.0123,2.9760,9.2901,9.9554,2.7462,0.0004,0.0000,7.2459,0.0004,2.7341,9.2538,0.0004,0.0004,9.7014,4.7908,0.3512,7.2701,0.0004,0.0004
2025-07-21 16:07:18,8.3100,3.0123,10.0401,3.0002,3.0365,9.2901,10.0522,2.8188,0.0004,0.0004,7.2213,0.0004,2.8188,9.3264,0.0004,0.0004,9.9917,4.8993,0.3391,7.6088,0.0004,0.0004
2025-07-21 16:07:19,8.3225,2.9272,10.0522,2.9276,2.9034,9.2901,10.0401,2.7946,0.0004,0.0004,7.2459,0.0004,2.7700,9.2905,0.0004,0.0004,9.9429,4.8872,0.3391,7.4878,0.0004,0.0004
2025-07-21 16:07:20,8.4797,2.8914,10.0522,2.9151,2.9397,9.3260,10.0522,2.7825,0.0004,0.0004,7.2822,0.0004,2.8188,9.3264,0.0004,0.0004,9.9312,4.8505,0.3512,7.5362,0.0004,0.0004
2025-07-21 16:07:21,7.9233,3.3268,10.0401,3.3268,3.3026,9.3143,9.7619,2.6490,0.0004,0.0004,7.0766,0.0004,2.6494,9.3143,0.0004,0.0004,9.8224,4.8993,0.3387,7.2334,0.0004,0.0004
2025-07-21 16:07:22,7.8628,3.3873,10.0397,3.3873,3.3873,9.2659,10.0401,2.8430,0.0004,0.0004,7.2217,0.0004,2.8309,9.2659,0.0004,0.0004,9.8224,4.8630,0.3391,7.4394,0.0004,0.0004
2025-07-21 16:07:23,8.0201,3.2058,10.0401,3.2058,3.2300,9.3022,10.0401,2.6857,0.0004,0.0004,7.3064,0.0004,2.6736,9.3022,0.0004,0.0004,9.8345,4.8751,0.3512,7.2822,0.0004,0.0004
2025-07-21 16:07:24,8.2495,3.0607,10.0401,3.0486,3.0728,9.2780,10.0401,2.8793,0.0004,0.0004,7.1491,0.0004,2.9034,9.2776,0.0004,0.0004,9.9312,4.8872,0.3391,7.6209,0.0004,0.0004
2025-07-21 16:07:25,8.2620,3.0119,10.0522,3.0123,2.9881,9.3022,10.0401,2.7946,0.0004,0.0004,7.2701,0.0000,2.7704,9.3022,0.0004,0.0004,9.9671,4.8630,0.3391,7.5120,0.0004,0.0004
2025-07-21 16:07:26,8.2136,2.9881,10.0401,2.9877,2.9881,9.3022,10.0401,2.7825,0.0004,0.0004,7.2580,0.0004,2.7946,9.3022,0.0004,0.0004,9.8949,4.8632,0.3392,7.6330,0.0004,0.0004
2025-07-21 16:07:27,8.2257,3.0728,10.0280,3.0849,3.1091,9.3022,10.0401,2.8551,0.0004,0.0004,7.1854,0.0004,2.8551,9.3022,0.0004,0.0004,9.8586,4.8872,0.3512,7.4511,0.0004,0.0004
2025-07-21 16:07:28,8.0442,3.2542,10.0518,3.2421,3.2421,9.2901,10.0401,2.8309,0.0004,0.0004,7.2096,0.0004,2.8430,9.2901,0.0004,0.0004,9.8103,4.8872,0.3391,7.4636,0.0004,0.0004
2025-07-21 16:07:29,8.2616,3.0002,10.0401,3.0002,2.9998,9.3143,10.0401,2.8188,0.0004,0.0004,7.1854,0.0004,2.8188,9.3143,0.0004,0.0004,9.9070,4.8630,0.3394,7.4999,0.0004,0.0004
2025-07-21 16:07:30,8.5765,2.7704,10.0401,2.7462,2.7341,9.2901,10.0522,2.7341,0.0004,0.0004,7.3064,0.0004,2.7341,9.2901,0.0004,0.0004,10.0155,4.8630,0.3512,7.5120,0.0004,0.0004
2025-07-21 16:07:31,8.1894,3.1087,10.0522,3.1454,3.1575,9.3143,10.0518,2.8914,0.0004,0.0004,7.1733,0.0004,2.8914,9.3143,0.0004,0.0004,9.8345,4.8868,0.3633,7.5245,0.0004,0.0004
2025-07-21 16:07:32,8.3104,2.9397,10.0522,2.9272,2.9155,9.3022,10.0522,2.7946,0.0004,0.0004,7.2943,0.0004,2.7946,9.3022,0.0004,0.0004,9.9070,4.8993,0.3387,7.4632,0.0004,0.0004
2025-07-21 16:07:33,8.1168,3.2179,10.0522,3.2179,3.2300,9.1692,10.0522,2.8430,0.0000,0.0000,7.2096,0.0004,2.8430,9.1692,0.0004,0.0004,9.9191,4.8751,0.3512,7.5241,0.0004,0.0004
2025-07-21 16:07:34,8.0201,3.2905,10.0639,3.2784,3.2784,9.3022,10.0643,2.8309,0.0004,0.0004,7.2213,0.0004,2.8309,9.3506,0.0004,0.0004,9.9191,4.9114,0.3391,7.5120,0.0004,0.0004
2025-07-21 16:07:35,8.3831,2.8551,10.0643,2.8793,2.8551,9.3385,10.0522,2.7946,0.0004,0.0004,7.2338,0.0004,2.7942,9.2901,0.0004,0.0004,10.0038,4.8630,0.3512,7.5483,0.0004,0.0004
2025-07-21 16:07:36,8.2620,3.0603,10.0280,3.0486,3.0486,9.2897,10.0401,2.8188,0.0004,0.0004,7.2217,0.0004,2.8188,9.2901,0.0004,0.0004,9.8703,4.8751,0.3270,7.4878,0.0004,0.0004
2025-07-21 16:07:37,8.1168,3.1817,10.0401,3.1817,3.1938,9.2907,10.0280,2.8184,0.0004,0.0004,7.2217,0.0004,2.8188,9.2901,0.0004,0.0004,9.9554,4.9110,0.3512,7.5120,0.0004,0.0004
2025-07-21 16:07:38,8.3587,2.9276,10.0401,2.9030,2.9034,9.2901,10.0522,2.8067,0.0004,0.0004,7.2096,0.0004,2.8067,9.2901,0.0004,0.0004,9.9796,4.8630,0.3387,7.5721,0.0004,0.0004
2025-07-21 16:07:39,8.2862,2.9276,10.0397,2.9639,2.9760,9.2659,10.0401,2.8435,0.0004,0.0004,7.2459,0.0004,2.8188,9.2659,0.0004,0.0000,9.9070,4.8509,0.3512,7.5483,0.0004,0.0004
2025-07-21 16:07:40,8.0926,3.2058,10.0401,3.1938,3.1817,9.3264,10.0401,2.8188,0.0004,0.0004,7.1854,0.0004,2.8430,9.3264,0.0004,0.0004,9.9675,4.9235,0.3391,7.5604,0.0004,0.0004
2025-07-21 16:07:41,7.8987,3.3268,10.0401,3.3147,3.3026,9.2901,10.0401,2.8430,0.0004,0.0004,7.1975,0.0004,2.8430,9.2901,0.0004,0.0004,9.8345,4.8509,0.3391,7.4394,0.0004,0.0004
2025-07-21 16:07:42,8.2015,3.0482,10.0401,3.0607,3.0849,9.2780,10.0401,2.7704,0.0004,0.0004,7.2943,0.0000,2.7704,9.2776,0.0004,0.0004,9.8582,4.8993,0.3512,7.4274,0.0004,0.0004
2025-07-21 16:07:43,8.5765,2.7226,10.0401,2.7216,2.7099,9.3143,10.0401,2.7099,0.0004,0.0004,7.3064,0.0004,2.7099,9.3143,0.0004,0.0004,9.9312,4.8505,0.3391,7.4394,0.0010,0.0004
2025-07-21 16:07:44,8.3466,2.9397,10.0401,2.9397,2.9518,9.2780,10.0401,2.8551,0.0004,0.0004,7.2217,0.0004,2.8430,9.2780,0.0004,0.0004,9.9191,4.8993,0.3387,7.5479,0.0004,0.0004
2025-07-21 16:07:45,8.0563,3.2542,10.0397,3.2663,3.2663,9.2780,10.0401,2.9276,0.0004,0.0010,7.1008,0.0004,2.9403,9.2780,0.0004,0.0004,9.8828,4.8751,0.3512,7.5846,0.0004,0.0004
2025-07-21 16:07:46,8.1419,3.1091,10.0401,3.1091,3.1087,9.3385,10.0401,2.8188,0.0004,0.0004,7.2096,0.0004,2.8188,9.3385,0.0004,0.0004,9.8949,4.8509,0.3391,7.5241,0.0004,0.0004
2025-07-21 16:07:47,8.0196,3.2542,10.0401,3.2421,3.2421,9.2538,10.0401,2.7946,0.0004,0.0004,7.2580,0.0004,2.7946,9.2538,0.0004,0.0004,9.7256,4.8872,0.3391,7.2943,0.0004,0.0004
2025-07-21 16:07:48,8.2499,3.0361,10.0530,3.0244,3.0123,9.3385,10.0522,2.8551,0.0004,0.0004,7.1854,0.0004,2.8551,9.3385,0.0004,0.0004,9.9671,4.8633,0.3391,7.5846,0.0004,0.0004
2025-07-21 16:07:49,8.1289,3.1575,10.0401,3.1812,3.1938,9.2659,10.0397,2.7704,0.0004,0.0004,7.2822,0.0004,2.7583,9.2659,0.0004,0.0004,9.9200,4.8989,0.3512,7.4757,0.0000,0.0004
2025-07-21 16:07:50,8.1410,3.1696,10.0522,3.1454,3.1333,9.2901,10.0522,2.8430,0.0004,0.0004,7.1979,0.0004,2.8551,9.3506,0.0004,0.0004,9.9312,4.8751,0.3387,7.5600,0.0004,0.0004
2025-07-21 16:07:51,8.2378,3.0970,10.0639,3.1217,3.1333,9.3264,10.0643,2.8551,0.0000,0.0004,7.2217,0.0004,2.8551,9.3270,0.0010,0.0004,10.0401,5.0937,0.3400,7.4394,0.0004,0.0004
2025-07-21 16:07:52,8.2374,3.0728,10.0764,3.0607,3.0607,9.3264,10.0643,2.8188,0.0004,0.0000,7.2580,0.0004,2.8188,9.2659,0.0004,0.0004,10.0159,4.9117,0.3512,7.5613,0.0004,0.0004
2025-07-21 16:07:53,8.5402,2.7583,10.0401,2.7462,2.7220,9.3143,10.0409,2.7220,0.0004,0.0004,7.2939,0.0004,2.7216,9.3143,0.0004,0.0004,9.9429,4.8751,0.3391,7.4763,0.0004,0.0004
2025-07-21 16:07:54,8.4676,2.8184,10.0401,2.8309,2.8438,9.3031,10.0401,2.8551,0.0004,0.0004,7.1975,0.0004,2.8551,9.3022,0.0004,0.0004,9.9675,4.8747,0.3515,7.5725,0.0004,0.0004
2025-07-21 16:07:55,8.1410,3.1212,10.0401,3.1208,3.1333,9.2776,10.0522,2.8922,0.0004,0.0004,7.1612,0.0004,2.8914,9.2780,0.0004,0.0004,9.8707,4.8872,0.3387,7.5721,0.0004,0.0004
2025-07-21 16:07:56,8.5160,2.8188,10.0401,2.8188,2.8188,9.3022,10.0280,2.7095,0.0004,0.0013,7.3064,0.0004,2.7099,9.3022,0.0004,0.0004,9.9191,4.8509,0.3391,7.4394,0.0004,0.0004
2025-07-21 16:07:57,8.3104,2.9155,10.0397,2.9155,2.9034,9.3022,10.0401,2.8067,0.0004,0.0004,7.2226,0.0004,2.8067,9.3022,0.0004,0.0004,9.9191,4.8751,0.3391,7.4515,0.0004,0.0004
2025-07-21 16:07:58,8.6244,2.7099,10.0401,2.7099,2.7099,9.3022,10.0280,2.7341,0.0004,0.0004,7.3064,0.0004,2.7341,9.3022,0.0004,0.0004,10.0038,4.8751,0.3512,7.5241,0.0004,0.0004
2025-07-21 16:07:59,8.4313,2.8914,10.0401,2.9034,2.8914,9.3022,10.0401,2.8793,0.0004,0.0004,7.1854,0.0004,2.8793,9.3031,0.0004,0.0004,9.9308,4.8872,0.3391,7.6209,0.0004,0.0004
2025-07-21 16:08:00,8.1894,3.0603,10.0401,3.0365,3.0486,9.2901,10.0522,2.8672,0.0004,0.0004,7.1491,0.0004,2.8672,9.2901,0.0004,0.0004,9.9070,4.8505,0.3391,7.5728,0.0004,0.0004
2025-07-21 16:08:01,8.2257,3.0244,10.0401,3.0240,3.0371,9.2780,9.9433,2.7825,0.0004,0.0004,7.1975,0.0000,2.7825,9.2776,0.0004,0.0004,9.8949,4.8872,0.3508,7.4511,0.0004,0.0004
2025-07-21 16:08:02,8.3829,2.9034,10.0397,2.9155,2.9155,9.2901,10.0280,2.7825,0.0004,0.0004,7.2459,0.0004,2.7825,9.2901,0.0004,0.0004,9.9675,4.8751,0.3391,7.5604,0.0013,0.0013
2025-07-21 16:08:03,8.1410,3.1454,10.0280,3.1583,3.1696,9.3143,10.0401,2.7099,0.0004,0.0004,7.2580,0.0004,2.7099,9.3143,0.0004,0.0004,9.8224,4.8751,0.3391,7.2701,0.0004,0.0004
2025-07-21 16:08:04,8.3341,2.9034,10.0522,2.9034,2.9030,9.3022,10.0522,2.8551,0.0004,0.0004,7.1854,0.0004,2.8551,9.3022,0.0004,0.0004,9.9312,4.8630,0.3512,7.5967,0.0004,0.0004
2025-07-21 16:08:05,8.0926,3.1571,10.0280,3.1575,3.1696,9.2538,10.0280,2.7946,0.0004,0.0004,7.2580,0.0004,2.7954,9.2901,0.0004,0.0004,9.9187,4.8872,0.3391,7.4878,0.0004,0.0004
2025-07-21 16:08:06,8.3466,2.8430,10.0522,2.7337,2.7341,9.2418,10.0518,2.7704,0.0004,0.0004,7.2459,0.0004,2.7704,9.2058,0.0013,0.0004,9.9191,4.9110,0.3391,7.4757,0.0004,0.0004
2025-07-21 16:08:07,8.1773,3.1212,10.0401,3.1938,3.1938,9.3506,10.0280,2.9034,0.0004,0.0004,7.1612,0.0004,2.9034,9.3506,0.0004,0.0004,9.9796,4.8993,0.3387,7.7052,0.0004,0.0004
2025-07-21 16:08:08,8.4676,2.8067,10.0397,2.8430,2.8188,9.3143,10.0522,2.7825,0.0009,0.0004,7.2701,0.0004,2.7825,9.3143,0.0000,0.0013,9.9191,4.8509,0.3512,7.4999,0.0004,0.0004
2025-07-21 16:08:09,7.8991,2.9297,10.0401,2.9297,2.9397,9.3143,10.0280,2.7462,0.0004,0.0000,7.2818,0.0004,2.7462,9.3143,0.0004,0.0004,9.6651,4.8872,0.3391,7.2096,0.0004,0.0004
2025-07-21 16:08:10,3.1087,0.0051,5.3831,0.0051,0.0193,9.2659,7.2890,0.0193,0.0004,0.0004,7.2822,0.0013,0.0189,9.2901,0.0004,0.0004,5.6250,5.2864,0.3391,0.0193,0.0004,0.0004
2025-07-21 16:08:11,3.0970,0.0000,5.1654,0.0004,0.0004,9.3143,7.2217,0.0004,0.0004,0.0004,7.2217,0.0004,0.0004,9.2901,0.0004,0.0004,5.5279,5.1654,0.3512,0.0004,0.0004,0.0004
2025-07-21 16:08:12,3.0849,0.0004,5.1533,0.0000,0.0004,9.2776,7.2459,0.0004,0.0004,0.0004,7.2459,0.0004,0.0004,9.2780,0.0004,0.0004,5.4920,5.1650,0.3391,0.0004,0.0004,0.0004
2025-07-21 16:08:13,3.1091,0.0004,5.1781,0.0004,0.0004,9.3143,7.2217,0.0000,0.0004,0.0004,7.2223,0.0004,0.0004,9.3143,0.0004,0.0004,5.5167,5.1533,0.3387,0.0000,0.0004,0.0010
2025-07-21 16:08:14,3.0970,0.0004,5.1650,0.0004,0.0004,8.7942,7.2217,0.0004,0.0004,0.0004,7.2217,0.0004,0.0004,8.7942,0.0004,0.0004,5.5162,5.1775,0.3512,0.0004,0.0004,0.0004
2025-07-21 16:08:15,3.0966,0.0004,5.1533,0.0004,0.0004,0.0004,7.2459,0.0004,0.0004,0.0004,7.2459,0.0004,0.0004,0.0004,0.0004,0.0004,5.4920,5.1657,0.3391,0.0007,0.0004,0.0004
2025-07-21 16:08:16,3.0849,0.0004,5.1049,0.0004,0.0004,0.0004,7.1854,0.0004,0.0004,0.0004,7.1854,0.0004,0.0004,0.0004,0.0004,0.0004,5.4069,5.0686,0.3391,0.0004,0.0004,0.0004
2025-07-21 16:08:17,3.1091,0.0000,5.2380,0.0004,0.0004,0.0004,7.2580,0.0004,0.0004,0.0004,7.2580,0.0004,0.0004,0.0000,0.0004,0.0004,5.6009,5.2501,0.3512,0.0004,0.0004,0.0004
2025-07-21 16:08:18,3.1091,0.0004,5.1533,0.0000,0.0004,0.0004,7.2338,0.0004,0.0004,0.0004,7.2338,0.0000,0.0004,0.0004,0.0004,0.0004,5.5162,5.1771,0.3390,0.0004,0.0004,0.0004
2025-07-21 16:08:19,3.0970,0.0004,5.1775,0.0004,0.0004,0.0004,7.2580,0.0004,0.0004,0.0004,7.2580,0.0004,0.0004,0.0004,0.0004,0.0004,5.5162,5.1775,0.3391,0.0000,0.0004,0.0004
2025-07-21 16:08:20,3.1091,0.0004,5.1650,0.0004,0.0004,0.0004,7.2217,0.0004,0.0004,0.0004,7.2217,0.0004,0.0004,0.0007,0.0004,0.0004,5.5041,5.1533,0.3512,0.0004,0.0004,0.0004
2025-07-21 16:08:21,3.0966,0.0004,5.1654,0.0004,0.0004,0.0004,7.2338,0.0004,0.0004,0.0004,7.2338,0.0004,0.0004,0.0004,0.0004,0.0004,5.5162,5.1654,0.3391,0.0004,0.0004,0.0004
2025-07-21 16:08:22,3.0970,0.0004,5.1654,0.0004,0.0000,0.0004,7.2338,0.0004,0.0004,0.0004,7.2338,0.0004,0.0004,0.0004,0.0004,0.0004,5.5037,5.1775,0.3391,0.0004,0.0004,0.0004
2025-07-21 16:08:23,3.0970,0.0000,5.1775,0.0004,0.0004,0.0004,7.2338,0.0004,0.0004,0.0004,7.2338,0.0004,0.0004,0.0004,0.0004,0.0004,5.4920,5.1533,0.3391,0.0004,0.0004,0.0004
2025-07-21 16:08:24,3.0970,0.0004,5.1412,0.0000,0.0004,0.0004,7.2213,0.0004,0.0004,0.0004,7.2217,0.0004,0.0004,0.0004,0.0004,0.0004,5.5162,5.1650,0.3508,0.0004,0.0004,0.0004
2025-07-21 16:08:25,0.1939,0.0004,0.4842,0.0004,0.0004,0.0004,7.2338,0.0004,0.0004,0.0004,7.2338,0.0004,0.0004,0.0004,0.0004,0.0004,0.5084,0.4842,0.0246,0.0000,0.0004,0.0004
2025-07-21 16:08:26,0.0004,0.0004,0.0000,0.0004,0.0004,0.0004,7.2217,0.0004,0.0000,0.0004,7.2217,0.0004,0.0004,0.0004,0.0004,0.0004,0.0004,0.0004,0.0004,0.0004,0.0004,0.0004
2025-07-21 16:08:27,0.0000,0.0004,0.0004,0.0004,0.0004,0.0004,7.2217,0.0004,0.0004,0.0000,7.2221,0.0004,0.0004,0.0004,0.0004,0.0004,0.0004,0.0004,0.0004,0.0004,0.0004,0.0004
2025-07-21 16:08:28,0.0004,0.0004,0.0004,0.0004,0.0004,0.0004,7.2338,0.0004,0.0004,0.0004,7.2334,0.0004,0.0004,0.0004,0.0004,0.0004,0.0000,0.0004,0.0004,0.0004,0.0004,0.0004
2025-07-21 16:08:29,0.0004,0.0000,0.0004,0.0004,0.0004,0.0004,7.0403,0.0004,0.0004,0.0004,7.0403,0.0004,0.0000,0.0004,0.0004,0.0004,0.0004,0.0000,0.0004,0.0004,0.0004,0.0004
2025-07-21 16:08:30,0.0004,0.0004,0.0004,0.0000,0.0004,0.0004,0.0010,0.0004,0.0010,0.0004,0.0004,0.0010,0.0004,0.0004,0.0004,0.0004,0.0004,0.0007,0.0003,0.0000,0.0004,0.0004
2025-07-21 16:08:31,0.0004,0.0004,0.0004,0.0004,0.0004,0.0000,0.0004,0.0004,0.0004,0.0004,0.0004,0.0004,0.0004,0.0004,0.0004,0.0004,0.0004,0.0004,0.0004,0.0004,0.0004,0.0004
2025-07-21 16:08:32,0.0004,0.0004,0.0000,0.0004,0.0004,0.0004,0.0004,0.0000,0.0004,0.0004,0.0004,0.0004,0.0004,0.0004,0.0004,0.0004,0.0004,0.0004,0.0004,0.0004,0.0004,0.0004
2025-07-21 16:08:33,0.0000,0.0004,0.0004,0.0004,0.0004,0.0004,0.0004,0.0004,0.0004,0.0004,0.0004,0.0004,0.0004,0.0004,0.0004,0.0004,0.0004,0.0004,0.0004,0.0004,0.0004,0.0004
2025-07-21 16:08:34,0.0004,0.0004,0.0004,0.0004,0.0004,0.0004,0.0004,0.0004,0.0004,0.0004,0.0004,0.0004,0.0004,0.0004,0.0004,0.0004,0.0000,0.0004,0.0004,0.0004,0.0004,0.0004
2025-07-21 16:08:35,0.0004,0.0000,0.0004,0.0004,0.0004,0.0004,0.0004,0.0004,0.0004,0.0004,0.0007,0.0004,0.0004,0.0004,0.0004,0.0004,0.0004,0.0000,0.0004,0.0004,0.0004,0.0004
2025-07-21 16:08:36,0.0004,0.0004,0.0004,0.0000,0.0004,0.0004,0.0004,0.0004,0.0004,0.0004,0.0004,0.0004,0.0004,0.0000,0.0004,0.0004,0.0004,0.0004,0.0000,0.0000,0.0004,0.0004
2025-07-21 16:08:37,0.0004,0.0004,0.0000,0.0004,0.0004,0.0004,0.0004,0.0004,0.0004,0.0004,0.0004,0.0000,0.0004,0.0004,0.0004,0.0004,0.0004,0.0004,0.0004,0.0004,0.0004,0.0004
2025-07-21 16:08:38,0.0004,0.0004,0.0004,0.0004,0.0004,0.0004,0.0004,0.0004,0.0004,0.0004,0.0004,0.0004,0.0004,0.0004,0.0004,0.0004,0.0004,0.0004,0.0004,0.0004,0.0004,0.0004
2025-07-21 16:08:39,0.0000,0.0004,0.0004,0.0004,0.0004,0.0004,0.0004,0.0004,0.0004,0.0004,0.0004,0.0004,0.0004,0.0004,0.0004,0.0004,0.0004,0.0004,0.0004,0.0004,0.0004,0.0004
2025-07-21 16:08:40,0.0004,0.0000,0.0004,0.0004,0.0000,0.0004,0.0004,0.0004,0.0004,0.0004,0.0004,0.0004,0.0004,0.0004,0.0004,0.0004,0.0000,0.0004,0.0004,0.0004,0.0004,0.0004
2025-07-21 16:08:41,0.0004,0.0004,0.0004,0.0004,0.0004,0.0004,0.0004,0.0004,0.0004,0.0004,0.0004,0.0004,0.0004,0.0004,0.0004,0.0004,0.0004,0.0000,0.0004,0.0004,0.0004,0.0004
2025-07-21 16:08:42,0.0004,0.0004,0.0004,0.0000,0.0004,0.0004,0.0004,0.0004,0.0004,0.0004,0.0004,0.0004,0.0004,0.0004,0.0004,0.0004,0.0004,0.0004,0.0000,0.0000,0.0004,0.0004
2025-07-21 16:08:43,0.0004,0.0004,0.0000,0.0004,0.0004,0.0004,0.0000,0.0004,0.0004,0.0004,0.0004,0.0004,0.0004,0.0004,0.0004,0.0004,0.0004,0.0004,0.0004,0.0004,0.0004,0.0004
2025-07-21 16:08:44,0.0004,0.0004,0.0004,0.0004,0.0004,0.0004,0.0004,0.0004,0.0004,0.0004,0.0004,0.0004,0.0004,0.0004,0.0004,0.0004,0.0004,0.0004,0.0004,0.0004,0.0004,0.0004
2025-07-22 01:04:08,N/A,N/A,N/A,N/A,N/A,N/A,N/A,N/A,N/A,N/A,N/A,N/A,N/A,N/A,N/A,N/A,N/A,N/A,N/A,N/A,N/A,N/A
2025-07-22 01:04:09,N/A,N/A,N/A,N/A,N/A,N/A,N/A,N/A,N/A,N/A,N/A,N/A,N/A,N/A,N/A,N/A,N/A,N/A,N/A,N/A,N/A,N/A
2025-07-22 01:04:10,N/A,N/A,N/A,N/A,N/A,N/A,N/A,N/A,N/A,N/A,N/A,N/A,N/A,N/A,N/A,N/A,N/A,N/A,N/A,N/A,N/A,N/A
2025-07-22 01:04:11,N/A,N/A,N/A,N/A,N/A,N/A,N/A,N/A,N/A,N/A,N/A,N/A,N/A,N/A,N/A,N/A,N/A,N/A,N/A,N/A,N/A,N/A
2025-07-22 01:04:12,N/A,N/A,N/A,N/A,N/A,N/A,N/A,N/A,N/A,N/A,N/A,N/A,N/A,N/A,N/A,N/A,N/A,N/A,N/A,N/A,N/A,N/A
2025-07-22 01:04:13,N/A,N/A,N/A,N/A,N/A,N/A,N/A,N/A,N/A,N/A,N/A,N/A,N/A,N/A,N/A,N/A,N/A,N/A,N/A,N/A,N/A,N/A
2025-07-22 01:04:14,N/A,N/A,N/A,N/A,N/A,N/A,N/A,N/A,N/A,N/A,N/A,N/A,N/A,N/A,N/A,N/A,N/A,N/A,N/A,N/A,N/A,N/A
2025-07-22 01:04:15,N/A,N/A,N/A,N/A,N/A,N/A,N/A,N/A,N/A,N/A,N/A,N/A,N/A,N/A,N/A,N/A,N/A,N/A,N/A,N/A,N/A,N/A
2025-07-22 01:04:16,N/A,N/A,N/A,N/A,N/A,N/A,N/A,N/A,N/A,N/A,N/A,N/A,N/A,N/A,N/A,N/A,N/A,N/A,N/A,N/A,N/A,N/A
2025-07-22 01:04:17,N/A,N/A,N/A,N/A,N/A,N/A,N/A,N/A,N/A,N/A,N/A,N/A,N/A,N/A,N/A,N/A,N/A,N/A,N/A,N/A,N/A,N/A
2025-07-22 01:04:18,N/A,N/A,N/A,N/A,N/A,N/A,N/A,N/A,N/A,N/A,N/A,N/A,N/A,N/A,N/A,N/A,N/A,N/A,N/A,N/A,N/A,N/A
2025-07-22 01:04:19,N/A,N/A,N/A,N/A,N/A,N/A,N/A,N/A,N/A,N/A,N/A,N/A,N/A,N/A,N/A,N/A,N/A,N/A,N/A,N/A,N/A,N/A
2025-07-22 01:04:20,N/A,N/A,N/A,N/A,N/A,N/A,N/A,N/A,N/A,N/A,N/A,N/A,N/A,N/A,N/A,N/A,N/A,N/A,N/A,N/A,N/A,N/A
2025-07-22 01:04:21,N/A,N/A,N/A,N/A,N/A,N/A,N/A,N/A,N/A,N/A,N/A,N/A,N/A,N/A,N/A,N/A,N/A,N/A,N/A,N/A,N/A,N/A
2025-07-22 01:04:22,N/A,N/A,N/A,N/A,N/A,N/A,N/A,N/A,N/A,N/A,N/A,N/A,N/A,N/A,N/A,N/A,N/A,N/A,N/A,N/A,N/A,N/A
2025-07-22 01:04:23,N/A,N/A,N/A,N/A,N/A,N/A,N/A,N/A,N/A,N/A,N/A,N/A,N/A,N/A,N/A,N/A,N/A,N/A,N/A,N/A,N/A,N/A
2025-07-22 01:04:24,N/A,N/A,N/A,N/A,N/A,N/A,N/A,N/A,N/A,N/A,N/A,N/A,N/A,N/A,N/A,N/A,N/A,N/A,N/A,N/A,N/A,N/A
2025-07-22 01:04:25,N/A,N/A,N/A,N/A,N/A,N/A,N/A,N/A,N/A,N/A,N/A,N/A,N/A,N/A,N/A,N/A,N/A,N/A,N/A,N/A,N/A,N/A
2025-07-22 01:04:26,N/A,N/A,N/A,N/A,N/A,N/A,N/A,N/A,N/A,N/A,N/A,N/A,N/A,N/A,N/A,N/A,N/A,N/A,N/A,N/A,N/A,N/A
2025-07-22 01:04:27,N/A,N/A,N/A,N/A,N/A,N/A,N/A,N/A,N/A,N/A,N/A,N/A,N/A,N/A,N/A,N/A,N/A,N/A,N/A,N/A,N/A,N/A
2025-07-22 01:04:28,N/A,N/A,N/A,N/A,N/A,N/A,N/A,N/A,N/A,N/A,N/A,N/A,N/A,N/A,N/A,N/A,N/A,N/A,N/A,N/A,N/A,N/A
2025-07-22 01:04:29,N/A,N/A,N/A,N/A,N/A,N/A,N/A,N/A,N/A,N/A,N/A,N/A,N/A,N/A,N/A,N/A,N/A,N/A,N/A,N/A,N/A,N/A
2025-07-22 01:04:30,N/A,N/A,N/A,N/A,N/A,N/A,N/A,N/A,N/A,N/A,N/A,N/A,N/A,N/A,N/A,N/A,N/A,N/A,N/A,N/A,N/A,N/A
2025-07-22 01:04:31,N/A,N/A,N/A,N/A,N/A,N/A,N/A,N/A,N/A,N/A,N/A,N/A,N/A,N/A,N/A,N/A,N/A,N/A,N/A,N/A,N/A,N/A
2025-07-22 01:04:32,N/A,N/A,N/A,N/A,N/A,N/A,N/A,N/A,N/A,N/A,N/A,N/A,N/A,N/A,N/A,N/A,N/A,N/A,N/A,N/A,N/A,N/A
2025-07-22 01:04:33,N/A,N/A,N/A,N/A,N/A,N/A,N/A,N/A,N/A,N/A,N/A,N/A,N/A,N/A,N/A,N/A,N/A,N/A,N/A,N/A,N/A,N/A
2025-07-22 01:04:34,N/A,N/A,N/A,N/A,N/A,N/A,N/A,N/A,N/A,N/A,N/A,N/A,N/A,N/A,N/A,N/A,N/A,N/A,N/A,N/A,N/A,N/A
2025-07-22 01:04:35,N/A,N/A,N/A,N/A,N/A,N/A,N/A,N/A,N/A,N/A,N/A,N/A,N/A,N/A,N/A,N/A,N/A,N/A,N/A,N/A,N/A,N/A
2025-07-22 01:04:36,N/A,N/A,N/A,N/A,N/A,N/A,N/A,N/A,N/A,N/A,N/A,N/A,N/A,N/A,N/A,N/A,N/A,N/A,N/A,N/A,N/A,N/A
2025-07-22 01:04:37,N/A,N/A,N/A,N/A,N/A,N/A,N/A,N/A,N/A,N/A,N/A,N/A,N/A,N/A,N/A,N/A,N/A,N/A,N/A,N/A,N/A,N/A
2025-07-22 01:04:38,N/A,N/A,N/A,N/A,N/A,N/A,N/A,N/A,N/A,N/A,N/A,N/A,N/A,N/A,N/A,N/A,N/A,N/A,N/A,N/A,N/A,N/A
2025-07-22 01:04:39,N/A,N/A,N/A,N/A,N/A,N/A,N/A,N/A,N/A,N/A,N/A,N/A,N/A,N/A,N/A,N/A,N/A,N/A,N/A,N/A,N/A,N/A
2025-07-22 01:04:40,N/A,N/A,N/A,N/A,N/A,N/A,N/A,N/A,N/A,N/A,N/A,N/A,N/A,N/A,N/A,N/A,N/A,N/A,N/A,N/A,N/A,N/A
2025-07-22 01:04:41,N/A,N/A,N/A,N/A,N/A,N/A,N/A,N/A,N/A,N/A,N/A,N/A,N/A,N/A,N/A,N/A,N/A,N/A,N/A,N/A,N/A,N/A
2025-07-22 01:04:42,N/A,N/A,N/A,N/A,N/A,N/A,N/A,N/A,N/A,N/A,N/A,N/A,N/A,N/A,N/A,N/A,N/A,N/A,N/A,N/A,N/A,N/A
2025-07-22 01:04:43,N/A,N/A,N/A,N/A,N/A,N/A,N/A,N/A,N/A,N/A,N/A,N/A,N/A,N/A,N/A,N/A,N/A,N/A,N/A,N/A,N/A,N/A
2025-07-22 01:04:44,N/A,N/A,N/A,N/A,N/A,N/A,N/A,N/A,N/A,N/A,N/A,N/A,N/A,N/A,N/A,N/A,N/A,N/A,N/A,N/A,N/A,N/A
2025-07-22 01:04:45,N/A,N/A,N/A,N/A,N/A,N/A,N/A,N/A,N/A,N/A,N/A,N/A,N/A,N/A,N/A,N/A,N/A,N/A,N/A,N/A,N/A,N/A
2025-07-22 01:04:46,N/A,N/A,N/A,N/A,N/A,N/A,N/A,N/A,N/A,N/A,N/A,N/A,N/A,N/A,N/A,N/A,N/A,N/A,N/A,N/A,N/A,N/A
2025-07-22 01:04:47,N/A,N/A,N/A,N/A,N/A,N/A,N/A,N/A,N/A,N/A,N/A,N/A,N/A,N/A,N/A,N/A,N/A,N/A,N/A,N/A,N/A,N/A
2025-07-22 01:04:48,N/A,N/A,N/A,N/A,N/A,N/A,N/A,N/A,N/A,N/A,N/A,N/A,N/A,N/A,N/A,N/A,N/A,N/A,N/A,N/A,N/A,N/A
2025-07-22 01:04:49,N/A,N/A,N/A,N/A,N/A,N/A,N/A,N/A,N/A,N/A,N/A,N/A,N/A,N/A,N/A,N/A,N/A,N/A,N/A,N/A,N/A,N/A
2025-07-22 01:04:50,N/A,N/A,N/A,N/A,N/A,N/A,N/A,N/A,N/A,N/A,N/A,N/A,N/A,N/A,N/A,N/A,N/A,N/A,N/A,N/A,N/A,N/A
2025-07-22 01:04:51,N/A,N/A,N/A,N/A,N/A,N/A,N/A,N/A,N/A,N/A,N/A,N/A,N/A,N/A,N/A,N/A,N/A,N/A,N/A,N/A,N/A,N/A
2025-07-22 01:04:52,N/A,N/A,N/A,N/A,N/A,N/A,N/A,N/A,N/A,N/A,N/A,N/A,N/A,N/A,N/A,N/A,N/A,N/A,N/A,N/A,N/A,N/A
2025-07-22 01:04:53,N/A,N/A,N/A,N/A,N/A,N/A,N/A,N/A,N/A,N/A,N/A,N/A,N/A,N/A,N/A,N/A,N/A,N/A,N/A,N/A,N/A,N/A
2025-07-22 01:04:54,N/A,N/A,N/A,N/A,N/A,N/A,N/A,N/A,N/A,N/A,N/A,N/A,N/A,N/A,N/A,N/A,N/A,N/A,N/A,N/A,N/A,N/A
2025-07-22 01:04:55,N/A,N/A,N/A,N/A,N/A,N/A,N/A,N/A,N/A,N/A,N/A,N/A,N/A,N/A,N/A,N/A,N/A,N/A,N/A,N/A,N/A,N/A
2025-07-22 01:04:56,N/A,N/A,N/A,N/A,N/A,N/A,N/A,N/A,N/A,N/A,N/A,N/A,N/A,N/A,N/A,N/A,N/A,N/A,N/A,N/A,N/A,N/A
2025-07-22 01:04:57,N/A,N/A,N/A,N/A,N/A,N/A,N/A,N/A,N/A,N/A,N/A,N/A,N/A,N/A,N/A,N/A,N/A,N/A,N/A,N/A,N/A,N/A
2025-07-22 01:04:58,N/A,N/A,N/A,N/A,N/A,N/A,N/A,N/A,N/A,N/A,N/A,N/A,N/A,N/A,N/A,N/A,N/A,N/A,N/A,N/A,N/A,N/A
2025-07-22 01:04:59,N/A,N/A,N/A,N/A,N/A,N/A,N/A,N/A,N/A,N/A,N/A,N/A,N/A,N/A,N/A,N/A,N/A,N/A,N/A,N/A,N/A,N/A
2025-07-22 01:05:00,N/A,N/A,N/A,N/A,N/A,N/A,N/A,N/A,N/A,N/A,N/A,N/A,N/A,N/A,N/A,N/A,N/A,N/A,N/A,N/A,N/A,N/A
2025-07-22 01:05:01,N/A,N/A,N/A,N/A,N/A,N/A,N/A,N/A,N/A,N/A,N/A,N/A,N/A,N/A,N/A,N/A,N/A,N/A,N/A,N/A,N/A,N/A
2025-07-22 01:05:02,N/A,N/A,N/A,N/A,N/A,N/A,N/A,N/A,N/A,N/A,N/A,N/A,N/A,N/A,N/A,N/A,N/A,N/A,N/A,N/A,N/A,N/A
2025-07-22 01:05:03,N/A,N/A,N/A,N/A,N/A,N/A,N/A,N/A,N/A,N/A,N/A,N/A,N/A,N/A,N/A,N/A,N/A,N/A,N/A,N/A,N/A,N/A
2025-07-22 01:05:04,N/A,N/A,N/A,N/A,N/A,N/A,N/A,N/A,N/A,N/A,N/A,N/A,N/A,N/A,N/A,N/A,N/A,N/A,N/A,N/A,N/A,N/A
2025-07-22 01:05:05,N/A,N/A,N/A,N/A,N/A,N/A,N/A,N/A,N/A,N/A,N/A,N/A,N/A,N/A,N/A,N/A,N/A,N/A,N/A,N/A,N/A,N/A
2025-07-22 01:05:06,N/A,N/A,N/A,N/A,N/A,N/A,N/A,N/A,N/A,N/A,N/A,N/A,N/A,N/A,N/A,N/A,N/A,N/A,N/A,N/A,N/A,N/A
2025-07-22 01:05:07,N/A,N/A,N/A,N/A,N/A,N/A,N/A,N/A,N/A,N/A,N/A,N/A,N/A,N/A,N/A,N/A,N/A,N/A,N/A,N/A,N/A,N/A
2025-07-22 01:05:08,N/A,N/A,N/A,N/A,N/A,N/A,N/A,N/A,N/A,N/A,N/A,N/A,N/A,N/A,N/A,N/A,N/A,N/A,N/A,N/A,N/A,N/A
2025-07-22 01:05:09,N/A,N/A,N/A,N/A,N/A,N/A,N/A,N/A,N/A,N/A,N/A,N/A,N/A,N/A,N/A,N/A,N/A,N/A,N/A,N/A,N/A,N/A
2025-07-22 01:05:10,N/A,N/A,N/A,N/A,N/A,N/A,N/A,N/A,N/A,N/A,N/A,N/A,N/A,N/A,N/A,N/A,N/A,N/A,N/A,N/A,N/A,N/A
2025-07-22 01:05:11,N/A,N/A,N/A,N/A,N/A,N/A,N/A,N/A,N/A,N/A,N/A,N/A,N/A,N/A,N/A,N/A,N/A,N/A,N/A,N/A,N/A,N/A
2025-07-22 01:05:12,N/A,N/A,N/A,N/A,N/A,N/A,N/A,N/A,N/A,N/A,N/A,N/A,N/A,N/A,N/A,N/A,N/A,N/A,N/A,N/A,N/A,N/A
2025-07-22 01:05:13,N/A,N/A,N/A,N/A,N/A,N/A,N/A,N/A,N/A,N/A,N/A,N/A,N/A,N/A,N/A,N/A,N/A,N/A,N/A,N/A,N/A,N/A
2025-07-22 01:05:14,N/A,N/A,N/A,N/A,N/A,N/A,N/A,N/A,N/A,N/A,N/A,N/A,N/A,N/A,N/A,N/A,N/A,N/A,N/A,N/A,N/A,N/A
2025-07-22 01:05:15,N/A,N/A,N/A,N/A,N/A,N/A,N/A,N/A,N/A,N/A,N/A,N/A,N/A,N/A,N/A,N/A,N/A,N/A,N/A,N/A,N/A,N/A
2025-07-22 01:05:16,N/A,N/A,N/A,N/A,N/A,N/A,N/A,N/A,N/A,N/A,N/A,N/A,N/A,N/A,N/A,N/A,N/A,N/A,N/A,N/A,N/A,N/A
